timestamp,prediction,actual,difference
2022-08-30 13:15:00,4.511155605316162,3.7956690788269043,0.7154865264892578
2022-08-30 13:30:00,4.468155384063721,4.144496917724609,0.32365846633911133
2022-08-30 13:45:00,4.474001407623291,3.5144898891448975,0.9595115184783936
2022-08-30 14:00:00,4.459628582000732,3.932295083999634,0.5273334980010986
2022-08-30 14:15:00,4.472900867462158,4.216843128204346,0.2560577392578125
2022-08-30 14:30:00,4.4917216300964355,4.812334060668945,-0.32061243057250977
2022-08-30 14:45:00,4.4855875968933105,4.702261924743652,-0.2166743278503418
2022-08-30 15:00:00,4.428298473358154,4.11644983291626,0.31184864044189453
2022-08-30 15:15:00,4.386194229125977,3.9307289123535156,0.45546531677246094
2022-08-30 15:30:00,4.404761791229248,3.4945058822631836,0.9102559089660645
2022-08-30 15:45:00,4.431713104248047,3.483844041824341,0.947869062423706
2022-08-30 16:00:00,4.404023170471191,4.093696117401123,0.31032705307006836
2022-08-30 16:15:00,4.397407054901123,4.062239170074463,0.33516788482666016
2022-08-30 16:30:00,4.42639684677124,3.911776065826416,0.5146207809448242
2022-08-30 16:45:00,4.419081211090088,3.7005879878997803,0.7184932231903076
2022-08-30 17:00:00,4.3956098556518555,4.623379230499268,-0.2277693748474121
2022-08-30 17:15:00,4.389194965362549,4.894659042358398,-0.5054640769958496
2022-08-30 17:30:00,4.393700122833252,5.879603862762451,-1.4859037399291992
2022-08-30 17:45:00,4.4077229499816895,5.011416912078857,-0.603693962097168
2022-08-30 18:00:00,4.450112819671631,4.555675029754639,-0.10556221008300781
2022-08-30 18:15:00,4.518016815185547,4.618659973144531,-0.10064315795898438
2022-08-30 18:30:00,4.571561336517334,4.8138108253479,-0.2422494888305664
2022-08-30 18:45:00,4.588698863983154,5.295470237731934,-0.7067713737487793
2022-08-30 19:00:00,4.614343166351318,4.635886192321777,-0.021543025970458984
2022-08-30 19:15:00,4.645685195922852,4.787923812866211,-0.14223861694335938
2022-08-30 19:30:00,4.681359767913818,4.810219764709473,-0.1288599967956543
2022-08-30 19:45:00,4.691929340362549,4.932908058166504,-0.24097871780395508
2022-08-30 20:00:00,4.6884965896606445,4.416569232940674,0.2719273567199707
2022-08-30 20:15:00,4.662545680999756,4.377811908721924,0.28473377227783203
2022-08-30 20:30:00,4.648411273956299,4.8373260498046875,-0.18891477584838867
2022-08-30 20:45:00,4.657652854919434,4.923951148986816,-0.2662982940673828
2022-08-30 21:00:00,4.663439750671387,5.766879081726074,-1.1034393310546875
2022-08-30 21:15:00,4.664799213409424,5.623723030090332,-0.9589238166809082
2022-08-30 21:30:00,4.668361186981201,5.521554946899414,-0.8531937599182129
2022-08-30 21:45:00,4.686389446258545,6.080444812774658,-1.3940553665161133
2022-08-30 22:00:00,4.70270299911499,5.932487964630127,-1.2297849655151367
2022-08-30 22:15:00,4.716085910797119,5.821080207824707,-1.104994297027588
2022-08-30 22:30:00,4.728172779083252,5.874113082885742,-1.1459403038024902
2022-08-30 22:45:00,4.751896858215332,5.5751872062683105,-0.8232903480529785
2022-08-30 23:00:00,4.775894641876221,5.779973030090332,-1.0040783882141113
2022-08-30 23:15:00,4.789730548858643,5.8540239334106445,-1.064293384552002
2022-08-30 23:30:00,4.79891300201416,5.908444881439209,-1.1095318794250488
2022-08-30 23:45:00,4.799869060516357,4.194150924682617,0.6057181358337402
2022-08-31 00:00:00,4.787148952484131,3.1510050296783447,1.6361439228057861
2022-08-31 00:15:00,4.734469413757324,2.9263548851013184,1.8081145286560059
2022-08-31 00:30:00,4.645631790161133,2.8771860599517822,1.7684457302093506
2022-08-31 00:45:00,4.540836811065674,2.641511917114258,1.899324893951416
2022-08-31 01:00:00,4.395975589752197,2.6834499835968018,1.7125256061553955
2022-08-31 01:15:00,4.226357460021973,2.2388429641723633,1.9875144958496094
2022-08-31 01:30:00,4.031395435333252,2.237668037414551,1.7937273979187012
2022-08-31 01:45:00,3.8094966411590576,2.280622959136963,1.5288736820220947
2022-08-31 02:00:00,3.583367347717285,2.352976083755493,1.230391263961792
2022-08-31 02:15:00,3.3536622524261475,1.25968599319458,2.0939762592315674
2022-08-31 02:30:00,3.0900652408599854,0.8914949893951416,2.1985702514648438
2022-08-31 02:45:00,2.841390371322632,0.8785219788551331,1.9628683924674988
2022-08-31 03:00:00,2.6507060527801514,1.0352089405059814,1.61549711227417
2022-08-31 03:15:00,2.4277069568634033,0.7784489989280701,1.6492579579353333
2022-08-31 03:30:00,2.1564035415649414,0.7338910102844238,1.4225125312805176
2022-08-31 03:45:00,1.9175660610198975,0.6649109721183777,1.2526550889015198
2022-08-31 04:00:00,1.7853891849517822,0.7024880051612854,1.0829011797904968
2022-08-31 04:15:00,1.605983018875122,0.591392993927002,1.0145900249481201
2022-08-31 04:30:00,1.352055311203003,0.5024639964103699,0.8495913147926331
2022-08-31 04:45:00,1.1262214183807373,0.52326500415802,0.6029564142227173
2022-08-31 05:00:00,1.0606772899627686,0.22604399919509888,0.8346332907676697
2022-08-31 05:15:00,1.030043363571167,0.31248199939727783,0.7175613641738892
2022-08-31 05:30:00,0.9794077277183533,0.9116759896278381,0.06773173809051514
2022-08-31 05:45:00,0.9387034773826599,1.2106610536575317,-0.2719575762748718
2022-08-31 06:00:00,0.9563215970993042,0.3886770009994507,0.5676445960998535
2022-08-31 06:15:00,0.9411548972129822,0.5911170244216919,0.3500378727912903
2022-08-31 06:30:00,0.9244145154953003,1.1541880369186401,-0.22977352142333984
2022-08-31 06:45:00,0.9646182060241699,1.3458449840545654,-0.3812267780303955
2022-08-31 07:00:00,1.014833927154541,2.1213231086730957,-1.1064891815185547
2022-08-31 07:15:00,1.0917425155639648,1.5045959949493408,-0.412853479385376
2022-08-31 07:30:00,1.1876165866851807,1.8359030485153198,-0.6482864618301392
2022-08-31 07:45:00,1.367337703704834,2.4511609077453613,-1.0838232040405273
2022-08-31 08:00:00,1.6109297275543213,2.289594888687134,-0.6786651611328125
2022-08-31 08:15:00,1.7351632118225098,3.551909923553467,-1.816746711730957
2022-08-31 08:30:00,1.905146598815918,2.2947309017181396,-0.3895843029022217
2022-08-31 08:45:00,2.187953233718872,3.100147008895874,-0.912193775177002
2022-08-31 09:00:00,2.512479066848755,3.1706740856170654,-0.6581950187683105
2022-08-31 09:15:00,2.8248097896575928,2.9724249839782715,-0.1476151943206787
2022-08-31 09:30:00,3.009065628051758,3.080142021179199,-0.0710763931274414
2022-08-31 09:45:00,3.1170732975006104,3.0219340324401855,0.0951392650604248
2022-08-31 10:00:00,3.3442952632904053,3.2902719974517822,0.05402326583862305
2022-08-31 10:15:00,3.551778554916382,3.1234591007232666,0.42831945419311523
2022-08-31 10:30:00,3.632032871246338,3.850950002670288,-0.2189171314239502
2022-08-31 10:45:00,3.730548143386841,3.6865289211273193,0.044019222259521484
2022-08-31 11:00:00,3.7915890216827393,3.493870973587036,0.2977180480957031
2022-08-31 11:15:00,3.9075770378112793,4.640231132507324,-0.7326540946960449
2022-08-31 11:30:00,3.985178232192993,4.211582183837891,-0.22640395164489746
2022-08-31 11:45:00,4.077521324157715,4.185410976409912,-0.10788965225219727
2022-08-31 12:00:00,4.151036739349365,4.1096110343933105,0.04142570495605469
2022-08-31 12:15:00,4.2187724113464355,5.562881946563721,-1.3441095352172852
2022-08-31 12:30:00,4.335181713104248,5.2192840576171875,-0.8841023445129395
2022-08-31 12:45:00,4.430094242095947,4.26322603225708,0.1668682098388672
2022-08-31 13:00:00,4.477295875549316,3.4194860458374023,1.057809829711914
2022-08-31 13:15:00,4.474071979522705,3.9244630336761475,0.5496089458465576
2022-08-31 13:30:00,4.502671241760254,4.303263187408447,0.19940805435180664
2022-08-31 13:45:00,4.53715181350708,4.427733898162842,0.10941791534423828
2022-08-31 14:00:00,4.511155605316162,4.298943996429443,0.21221160888671875
2022-08-31 14:15:00,4.506225109100342,3.6345739364624023,0.8716511726379395
2022-08-31 14:30:00,4.505269527435303,4.231881141662598,0.2733883857727051
2022-08-31 14:45:00,4.508694171905518,4.84581184387207,-0.33711767196655273
2022-08-31 15:00:00,4.483517646789551,3.982347011566162,0.5011706352233887
2022-08-31 15:15:00,4.438089370727539,4.700554847717285,-0.2624654769897461
2022-08-31 15:30:00,4.444692611694336,3.577991008758545,0.866701602935791
2022-08-31 15:45:00,4.484045028686523,3.9030089378356934,0.5810360908508301
2022-08-31 16:00:00,4.481601715087891,4.038053035736084,0.44354867935180664
2022-08-31 16:15:00,4.4644575119018555,6.813488960266113,-2.349031448364258
2022-08-31 16:30:00,4.4775567054748535,5.74661922454834,-1.2690625190734863
2022-08-31 16:45:00,4.5140228271484375,5.174221992492676,-0.6601991653442383
2022-08-31 17:00:00,4.555774211883545,4.369332790374756,0.18644142150878906
2022-08-31 17:15:00,4.578223705291748,4.032646179199219,0.5455775260925293
2022-08-31 17:30:00,4.573816776275635,5.0359039306640625,-0.46208715438842773
2022-08-31 17:45:00,4.588728427886963,6.220801830291748,-1.6320734024047852
2022-08-31 18:00:00,4.602505207061768,4.604424953460693,-0.0019197463989257812
2022-08-31 18:15:00,4.64496374130249,3.961674928665161,0.6832888126373291
2022-08-31 18:30:00,4.66087007522583,4.2556610107421875,0.4052090644836426
2022-08-31 18:45:00,4.673605442047119,4.950328826904297,-0.27672338485717773
2022-08-31 19:00:00,4.654112339019775,4.551931858062744,0.10218048095703125
2022-08-31 19:15:00,4.618422985076904,3.767314910888672,0.8511080741882324
2022-08-31 19:30:00,4.574767589569092,5.008684158325195,-0.4339165687561035
2022-08-31 19:45:00,4.595300197601318,4.964381217956543,-0.3690810203552246
2022-08-31 20:00:00,4.633663177490234,4.758351802825928,-0.12468862533569336
2022-08-31 20:15:00,4.608619213104248,6.696453094482422,-2.087833881378174
2022-08-31 20:30:00,4.590621471405029,6.312007904052734,-1.721386432647705
2022-08-31 20:45:00,4.631465911865234,5.059032917022705,-0.4275670051574707
2022-08-31 21:00:00,4.6708502769470215,5.075325012207031,-0.40447473526000977
2022-08-31 21:15:00,4.679672718048096,4.980319023132324,-0.3006463050842285
2022-08-31 21:30:00,4.687297821044922,5.01738977432251,-0.3300919532775879
2022-08-31 21:45:00,4.708131790161133,5.403706073760986,-0.6955742835998535
2022-08-31 22:00:00,4.737409591674805,5.067928791046143,-0.3305191993713379
2022-08-31 22:15:00,4.740816116333008,4.442215919494629,0.2986001968383789
2022-08-31 22:30:00,4.7400221824646,4.02989387512207,0.7101283073425293
2022-08-31 22:45:00,4.723932266235352,7.183493137359619,-2.4595608711242676
2022-08-31 23:00:00,4.7122015953063965,5.138258934020996,-0.4260573387145996
2022-08-31 23:15:00,4.704949855804443,4.022646903991699,0.6823029518127441
2022-08-31 23:30:00,4.675096035003662,4.2948760986328125,0.3802199363708496
2022-08-31 23:45:00,4.658383846282959,4.6949028968811035,-0.03651905059814453
2022-09-01 00:00:00,4.667289733886719,3.62001895904541,1.0472707748413086
2022-09-01 00:15:00,4.628659725189209,2.8854799270629883,1.7431797981262207
2022-09-01 00:30:00,4.514064311981201,2.557220935821533,1.956843376159668
2022-09-01 00:45:00,4.3916802406311035,2.1243278980255127,2.267352342605591
2022-09-01 01:00:00,4.2441606521606445,2.4302868843078613,1.8138737678527832
2022-09-01 01:15:00,4.072757244110107,1.5470919609069824,2.525665283203125
2022-09-01 01:30:00,3.77225923538208,1.665706992149353,2.106552243232727
2022-09-01 01:45:00,3.470182180404663,1.2036880254745483,2.2664941549301147
2022-09-01 02:00:00,3.2128818035125732,1.183485984802246,2.029395818710327
2022-09-01 02:15:00,2.8996331691741943,1.1972459554672241,1.7023872137069702
2022-09-01 02:30:00,2.5586440563201904,1.8047930002212524,0.753851056098938
2022-09-01 02:45:00,2.311326742172241,1.2367390394210815,1.0745877027511597
2022-09-01 03:00:00,2.131685733795166,1.3313050270080566,0.8003807067871094
2022-09-01 03:15:00,1.9539477825164795,0.8469380140304565,1.107009768486023
2022-09-01 03:30:00,1.813476800918579,0.8831120133399963,0.9303647875785828
2022-09-01 03:45:00,1.6490058898925781,0.5577809810638428,1.0912249088287354
2022-09-01 04:00:00,1.5342381000518799,0.5697550177574158,0.9644830822944641
2022-09-01 04:15:00,1.401916265487671,0.7110130190849304,0.6909032464027405
2022-09-01 04:30:00,1.3798911571502686,0.9112390279769897,0.4686521291732788
2022-09-01 04:45:00,1.3687961101531982,0.8540440201759338,0.5147520899772644
2022-09-01 05:00:00,1.317533254623413,0.9835320115089417,0.33400124311447144
2022-09-01 05:15:00,1.2023448944091797,1.002290964126587,0.20005393028259277
2022-09-01 05:30:00,1.1582317352294922,1.122992992401123,0.03523874282836914
2022-09-01 05:45:00,1.1143622398376465,1.0987080335617065,0.01565420627593994
2022-09-01 06:00:00,1.114903211593628,1.0184839963912964,0.09641921520233154
2022-09-01 06:15:00,1.1157152652740479,1.0904840230941772,0.025231242179870605
2022-09-01 06:30:00,1.1715948581695557,1.7737209796905518,-0.6021261215209961
2022-09-01 06:45:00,1.2782423496246338,2.063934087753296,-0.7856917381286621
2022-09-01 07:00:00,1.4067015647888184,1.4148720502853394,-0.008170485496520996
2022-09-01 07:15:00,1.4632325172424316,1.6508480310440063,-0.1876155138015747
2022-09-01 07:30:00,1.5417256355285645,2.5600779056549072,-1.0183522701263428
2022-09-01 07:45:00,1.7371478080749512,3.664280891418457,-1.9271330833435059
2022-09-01 08:00:00,1.9972894191741943,2.603419065475464,-0.6061296463012695
2022-09-01 08:15:00,2.132286310195923,2.584878921508789,-0.4525926113128662
2022-09-01 08:30:00,2.3015761375427246,3.9972829818725586,-1.695706844329834
2022-09-01 08:45:00,2.7305564880371094,3.478224039077759,-0.7476675510406494
2022-09-01 09:00:00,3.0701100826263428,3.1269519329071045,-0.05684185028076172
2022-09-01 09:15:00,3.119483470916748,3.116624116897583,0.002859354019165039
2022-09-01 09:30:00,3.255582094192505,2.8146090507507324,0.44097304344177246
2022-09-01 09:45:00,3.5793330669403076,2.657749891281128,0.9215831756591797
2022-09-01 10:00:00,3.727712869644165,3.0811960697174072,0.6465167999267578
2022-09-01 10:15:00,3.7049381732940674,3.320758104324341,0.38418006896972656
2022-09-01 10:30:00,3.698939323425293,3.0587899684906006,0.6401493549346924
2022-09-01 10:45:00,3.7680718898773193,3.757438898086548,0.010632991790771484
2022-09-01 11:00:00,3.832773447036743,3.0023059844970703,0.8304674625396729
2022-09-01 11:15:00,3.8016438484191895,3.328092098236084,0.47355175018310547
2022-09-01 11:30:00,3.7787067890167236,3.568748950958252,0.20995783805847168
2022-09-01 11:45:00,3.803797483444214,3.914107084274292,-0.11030960083007812
2022-09-01 12:00:00,3.861194610595703,4.890697956085205,-1.029503345489502
2022-09-01 12:15:00,3.9831790924072266,5.554464817047119,-1.5712857246398926
2022-09-01 12:30:00,4.128752708435059,4.754051208496094,-0.6252985000610352
2022-09-01 12:45:00,4.237175464630127,3.7966060638427734,0.4405694007873535
2022-09-01 13:00:00,4.293128967285156,2.6831600666046143,1.609968900680542
2022-09-01 13:15:00,4.277607440948486,2.8651890754699707,1.4124183654785156
2022-09-01 13:30:00,4.2168755531311035,3.6621549129486084,0.5547206401824951
2022-09-01 13:45:00,4.258484840393066,3.874377965927124,0.3841068744659424
2022-09-01 14:00:00,4.27890682220459,3.327575922012329,0.9513309001922607
2022-09-01 14:15:00,4.242907524108887,3.4406659603118896,0.8022415637969971
2022-09-01 14:30:00,4.215018272399902,3.7970468997955322,0.4179713726043701
2022-09-01 14:45:00,4.201697826385498,4.347538948059082,-0.14584112167358398
2022-09-01 15:00:00,4.148751258850098,3.6401960849761963,0.5085551738739014
2022-09-01 15:15:00,4.062911033630371,2.9711620807647705,1.0917489528656006
2022-09-01 15:30:00,4.025697231292725,3.420996904373169,0.6047003269195557
2022-09-01 15:45:00,4.120995998382568,3.4959499835968018,0.6250460147857666
2022-09-01 16:00:00,4.1831817626953125,3.8564610481262207,0.3267207145690918
2022-09-01 16:15:00,4.155900001525879,3.6704530715942383,0.4854469299316406
2022-09-01 16:30:00,4.134688854217529,3.790658950805664,0.34402990341186523
2022-09-01 16:45:00,4.181483745574951,4.832385063171387,-0.6509013175964355
2022-09-01 17:00:00,4.253914833068848,4.360367774963379,-0.10645294189453125
2022-09-01 17:15:00,4.270542621612549,3.5736091136932373,0.6969335079193115
2022-09-01 17:30:00,4.225254535675049,3.900909900665283,0.3243446350097656
2022-09-01 17:45:00,4.251804351806641,4.870148181915283,-0.6183438301086426
2022-09-01 18:00:00,4.364652156829834,5.83814811706543,-1.4734959602355957
2022-09-01 18:15:00,4.433114528656006,4.474204063415527,-0.041089534759521484
2022-09-01 18:30:00,4.460236072540283,4.773825168609619,-0.31358909606933594
2022-09-01 18:45:00,4.501824855804443,5.173861980438232,-0.6720371246337891
2022-09-01 19:00:00,4.577012538909912,5.1919331550598145,-0.6149206161499023
2022-09-01 19:15:00,4.609836101531982,6.199679851531982,-1.58984375
2022-09-01 19:30:00,4.605830669403076,6.147716999053955,-1.541886329650879
2022-09-01 19:45:00,4.642008304595947,6.4607157707214355,-1.8187074661254883
2022-09-01 20:00:00,4.712554931640625,6.824174880981445,-2.1116199493408203
2022-09-01 20:15:00,4.755052089691162,6.319005012512207,-1.563952922821045
2022-09-01 20:30:00,4.767663955688477,6.1554460525512695,-1.387782096862793
2022-09-01 20:45:00,4.773345470428467,5.806825160980225,-1.0334796905517578
2022-09-01 21:00:00,4.794865131378174,6.121579170227051,-1.326714038848877
2022-09-01 21:15:00,4.811105251312256,5.0781779289245605,-0.2670726776123047
2022-09-01 21:30:00,4.816153049468994,5.411178112030029,-0.5950250625610352
2022-09-01 21:45:00,4.817501068115234,5.492650032043457,-0.6751489639282227
2022-09-01 22:00:00,4.813859939575195,6.255781173706055,-1.4419212341308594
2022-09-01 22:15:00,4.8114118576049805,6.067193984985352,-1.255782127380371
2022-09-01 22:30:00,4.806031703948975,6.691431045532227,-1.885399341583252
2022-09-01 22:45:00,4.801951885223389,7.218100070953369,-2.4161481857299805
2022-09-01 23:00:00,4.80587911605835,6.517319202423096,-1.711440086364746
2022-09-01 23:15:00,4.807870388031006,6.203713893890381,-1.395843505859375
2022-09-01 23:30:00,4.809291362762451,5.36768102645874,-0.5583896636962891
2022-09-01 23:45:00,4.807948589324951,4.698456764221191,0.10949182510375977
2022-09-02 00:00:00,4.809410572052002,3.618906021118164,1.190504550933838
2022-09-02 00:15:00,4.782890796661377,3.6013998985290527,1.1814908981323242
2022-09-02 00:30:00,4.740314960479736,4.319320201873779,0.42099475860595703
2022-09-02 00:45:00,4.7087721824646,3.7917070388793945,0.9170651435852051
2022-09-02 01:00:00,4.6628217697143555,3.64872407913208,1.0140976905822754
2022-09-02 01:15:00,4.585601329803467,2.6228699684143066,1.9627313613891602
2022-09-02 01:30:00,4.455961227416992,1.9671579599380493,2.488803267478943
2022-09-02 01:45:00,4.242330551147461,1.3558260202407837,2.8865045309066772
2022-09-02 02:00:00,3.940964937210083,2.233304023742676,1.7076609134674072
2022-09-02 02:15:00,3.6846015453338623,1.8030869960784912,1.881514549255371
2022-09-02 02:30:00,3.4420926570892334,0.8890820145606995,2.553010642528534
2022-09-02 02:45:00,3.1210544109344482,1.33358895778656,1.7874654531478882
2022-09-02 03:00:00,2.853148937225342,0.7277179956436157,2.125430941581726
2022-09-02 03:15:00,2.5921571254730225,0.4651080071926117,2.1270491182804108
2022-09-02 03:30:00,2.230335235595703,0.3828440010547638,1.8474912345409393
2022-09-02 03:45:00,1.8255524635314941,0.7126610279083252,1.112891435623169
2022-09-02 04:00:00,1.6109108924865723,0.579239010810852,1.0316718816757202
2022-09-02 04:15:00,1.5146889686584473,0.8319100141525269,0.6827789545059204
2022-09-02 04:30:00,1.3960797786712646,0.7293170094490051,0.6667627692222595
2022-09-02 04:45:00,1.1968986988067627,0.7158660292625427,0.48103266954421997
2022-09-02 05:00:00,1.0874714851379395,0.8541719913482666,0.23329949378967285
2022-09-02 05:15:00,1.0522146224975586,0.7679659724235535,0.2842486500740051
2022-09-02 05:30:00,0.9672070741653442,0.9172719717025757,0.049935102462768555
2022-09-02 05:45:00,0.9672877192497253,0.9919250011444092,-0.024637281894683838
2022-09-02 06:00:00,1.0107903480529785,1.7595980167388916,-0.7488076686859131
2022-09-02 06:15:00,1.1173374652862549,1.155972957611084,-0.0386354923248291
2022-09-02 06:30:00,1.176612377166748,1.601963996887207,-0.425351619720459
2022-09-02 06:45:00,1.2419636249542236,1.4971779584884644,-0.2552143335342407
2022-09-02 07:00:00,1.3261606693267822,2.4049630165100098,-1.0788023471832275
2022-09-02 07:15:00,1.483344316482544,1.2732410430908203,0.21010327339172363
2022-09-02 07:30:00,1.564835548400879,2.8079099655151367,-1.2430744171142578
2022-09-02 07:45:00,1.7005913257598877,2.987652063369751,-1.2870607376098633
2022-09-02 08:00:00,2.023939609527588,2.6851179599761963,-0.6611783504486084
2022-09-02 08:15:00,2.248931407928467,2.4784650802612305,-0.22953367233276367
2022-09-02 08:30:00,2.3965542316436768,2.236227035522461,0.16032719612121582
2022-09-02 08:45:00,2.510432243347168,2.5182929039001465,-0.007860660552978516
2022-09-02 09:00:00,2.746985673904419,3.004441022872925,-0.25745534896850586
2022-09-02 09:15:00,2.8744232654571533,2.8241519927978516,0.05027127265930176
2022-09-02 09:30:00,2.9991097450256348,2.9693970680236816,0.029712677001953125
2022-09-02 09:45:00,3.121861219406128,2.5066919326782227,0.6151692867279053
2022-09-02 10:00:00,3.341968297958374,3.0824270248413086,0.25954127311706543
2022-09-02 10:15:00,3.3609883785247803,3.6059389114379883,-0.244950532913208
2022-09-02 10:30:00,3.3979077339172363,4.485104084014893,-1.0871963500976562
2022-09-02 10:45:00,3.491209030151367,3.3222079277038574,0.16900110244750977
2022-09-02 11:00:00,3.606168031692505,3.482356071472168,0.12381196022033691
2022-09-02 11:15:00,3.7572665214538574,3.178889036178589,0.5783774852752686
2022-09-02 11:30:00,3.8755288124084473,4.791049957275391,-0.9155211448669434
2022-09-02 11:45:00,3.951700448989868,4.631694793701172,-0.6799943447113037
2022-09-02 12:00:00,4.044692039489746,5.107030868530273,-1.0623388290405273
2022-09-02 12:15:00,4.150379180908203,5.363587856292725,-1.2132086753845215
2022-09-02 12:30:00,4.3337860107421875,5.863026142120361,-1.5292401313781738
2022-09-02 12:45:00,4.456512928009033,4.3088297843933105,0.14768314361572266
2022-09-02 13:00:00,4.492231845855713,3.671905040740967,0.8203268051147461
2022-09-02 13:15:00,4.45807409286499,4.3220720291137695,0.1360020637512207
2022-09-02 13:30:00,4.511232376098633,3.862936019897461,0.6482963562011719
2022-09-02 13:45:00,4.561445236206055,3.8097798824310303,0.7516653537750244
2022-09-02 14:00:00,4.579708099365234,3.32383394241333,1.2558741569519043
2022-09-02 14:15:00,4.523412704467773,2.757581949234009,1.7658307552337646
2022-09-02 14:30:00,4.434065341949463,2.366568088531494,2.0674972534179688
2022-09-02 14:45:00,4.273291110992432,3.2903380393981934,0.9829530715942383
2022-09-02 15:00:00,4.144791603088379,3.7780399322509766,0.36675167083740234
2022-09-02 15:15:00,4.071855068206787,4.107802867889404,-0.03594779968261719
2022-09-02 15:30:00,4.02618408203125,4.25542688369751,-0.22924280166625977
2022-09-02 15:45:00,4.038845539093018,4.098586082458496,-0.059740543365478516
2022-09-02 16:00:00,4.071603298187256,4.782923221588135,-0.7113199234008789
2022-09-02 16:15:00,4.11979866027832,3.9256420135498047,0.19415664672851562
2022-09-02 16:30:00,4.108363628387451,4.631113052368164,-0.5227494239807129
2022-09-02 16:45:00,4.158071041107178,4.77876615524292,-0.6206951141357422
2022-09-02 17:00:00,4.316513538360596,5.596658229827881,-1.2801446914672852
2022-09-02 17:15:00,4.484071254730225,4.841567039489746,-0.3574957847595215
2022-09-02 17:30:00,4.551347255706787,4.8233489990234375,-0.2720017433166504
2022-09-02 17:45:00,4.586575508117676,6.003799915313721,-1.417224407196045
2022-09-02 18:00:00,4.628912448883057,5.1788330078125,-0.5499205589294434
2022-09-02 18:15:00,4.6549177169799805,6.186098098754883,-1.5311803817749023
2022-09-02 18:30:00,4.677788734436035,6.697025775909424,-2.0192370414733887
2022-09-02 18:45:00,4.702853679656982,5.192320823669434,-0.48946714401245117
2022-09-02 19:00:00,4.742537021636963,5.652262210845947,-0.9097251892089844
2022-09-02 19:15:00,4.757296562194824,4.698841094970703,0.058455467224121094
2022-09-02 19:30:00,4.760487079620361,5.042367935180664,-0.28188085556030273
2022-09-02 19:45:00,4.755765914916992,6.564673900604248,-1.8089079856872559
2022-09-02 20:00:00,4.768702030181885,6.999802112579346,-2.231100082397461
2022-09-02 20:15:00,4.782461166381836,6.716352939605713,-1.933891773223877
2022-09-02 20:30:00,4.784628868103027,5.344940185546875,-0.5603113174438477
2022-09-02 20:45:00,4.789759635925293,6.821221828460693,-2.0314621925354004
2022-09-02 21:00:00,4.793582916259766,7.498547077178955,-2.7049641609191895
2022-09-02 21:15:00,4.7959513664245605,8.029041290283203,-3.2330899238586426
2022-09-02 21:30:00,4.802725791931152,7.839046001434326,-3.036320209503174
2022-09-02 21:45:00,4.812443733215332,7.307590961456299,-2.495147228240967
2022-09-02 22:00:00,4.838016510009766,5.3806681632995605,-0.5426516532897949
2022-09-02 22:15:00,4.8492913246154785,5.661732196807861,-0.8124408721923828
2022-09-02 22:30:00,4.842620372772217,5.449772834777832,-0.6071524620056152
2022-09-02 22:45:00,4.835606098175049,4.788609027862549,0.0469970703125
2022-09-02 23:00:00,4.824739456176758,5.611011981964111,-0.7862725257873535
2022-09-02 23:15:00,4.8230390548706055,5.559817790985107,-0.736778736114502
2022-09-02 23:30:00,4.816471576690674,5.4498372077941895,-0.6333656311035156
2022-09-02 23:45:00,4.804221153259277,5.174282073974609,-0.37006092071533203
2022-09-03 00:00:00,4.7858171463012695,3.871588945388794,0.9142282009124756
2022-09-03 00:15:00,4.75094747543335,3.6980180740356445,1.052929401397705
2022-09-03 00:30:00,4.701940536499023,3.250441074371338,1.4514994621276855
2022-09-03 00:45:00,4.6400675773620605,2.9195539951324463,1.7205135822296143
2022-09-03 01:00:00,4.537782192230225,2.898803949356079,1.6389782428741455
2022-09-03 01:15:00,4.422360420227051,2.7379660606384277,1.684394359588623
2022-09-03 01:30:00,4.301069736480713,1.821815013885498,2.479254722595215
2022-09-03 01:45:00,4.066553115844727,1.37214994430542,2.6944031715393066
2022-09-03 02:00:00,3.7482807636260986,1.041524052619934,2.7067567110061646
2022-09-03 02:15:00,3.4214298725128174,1.2575290203094482,2.163900852203369
2022-09-03 02:30:00,3.0894787311553955,1.2522510290145874,1.837227702140808
2022-09-03 02:45:00,2.765596866607666,1.171515941619873,1.594080924987793
2022-09-03 03:00:00,2.460599184036255,0.5328580141067505,1.9277411699295044
2022-09-03 03:15:00,2.204305410385132,0.9197559952735901,1.2845494151115417
2022-09-03 03:30:00,1.9675567150115967,1.2113779783248901,0.7561787366867065
2022-09-03 03:45:00,1.7257182598114014,0.9508489966392517,0.7748692631721497
2022-09-03 04:00:00,1.4779980182647705,0.8066049814224243,0.6713930368423462
2022-09-03 04:15:00,1.3330695629119873,0.760703980922699,0.5723655819892883
2022-09-03 04:30:00,1.2958364486694336,0.49917298555374146,0.7966634631156921
2022-09-03 04:45:00,1.2908658981323242,0.31499800086021423,0.97586789727211
2022-09-03 05:00:00,1.192631483078003,0.4228439927101135,0.7697874903678894
2022-09-03 05:15:00,1.0833983421325684,0.7677819728851318,0.3156163692474365
2022-09-03 05:30:00,1.049333095550537,0.6934760212898254,0.35585707426071167
2022-09-03 05:45:00,1.0864652395248413,0.541496992111206,0.5449682474136353
2022-09-03 06:00:00,1.043849229812622,0.8635290265083313,0.18032020330429077
2022-09-03 06:15:00,0.9912716150283813,1.2252899408340454,-0.23401832580566406
2022-09-03 06:30:00,0.9988150000572205,1.23744797706604,-0.23863297700881958
2022-09-03 06:45:00,1.006178855895996,1.2050280570983887,-0.19884920120239258
2022-09-03 07:00:00,1.0109472274780273,1.395387053489685,-0.3844398260116577
2022-09-03 07:15:00,1.0897468328475952,1.8166650533676147,-0.7269182205200195
2022-09-03 07:30:00,1.240920066833496,3.1785519123077393,-1.9376318454742432
2022-09-03 07:45:00,1.4767265319824219,2.56176495552063,-1.085038423538208
2022-09-03 08:00:00,1.6665832996368408,2.562793016433716,-0.896209716796875
2022-09-03 08:15:00,1.857884407043457,2.811876058578491,-0.9539916515350342
2022-09-03 08:30:00,2.1797640323638916,2.9165689945220947,-0.7368049621582031
2022-09-03 08:45:00,2.4744043350219727,2.686167001724243,-0.2117626667022705
2022-09-03 09:00:00,2.627492666244507,2.769460916519165,-0.1419682502746582
2022-09-03 09:15:00,2.791656255722046,2.4866180419921875,0.3050382137298584
2022-09-03 09:30:00,3.0591204166412354,3.7506508827209473,-0.6915304660797119
2022-09-03 09:45:00,3.355064630508423,4.680027961730957,-1.3249633312225342
2022-09-03 10:00:00,3.5769293308258057,5.417852878570557,-1.840923547744751
2022-09-03 10:15:00,3.6595780849456787,4.145772933959961,-0.4861948490142822
2022-09-03 10:30:00,3.8115346431732178,3.1908740997314453,0.6206605434417725
2022-09-03 10:45:00,3.931960105895996,3.7543599605560303,0.17760014533996582
2022-09-03 11:00:00,4.025877475738525,4.460247039794922,-0.4343695640563965
2022-09-03 11:15:00,4.108188629150391,4.428695201873779,-0.32050657272338867
2022-09-03 11:30:00,4.20335578918457,3.490748882293701,0.7126069068908691
2022-09-03 11:45:00,4.292774677276611,3.7959039211273193,0.496870756149292
2022-09-03 12:00:00,4.410562992095947,4.401456832885742,0.009106159210205078
2022-09-03 12:15:00,4.456676959991455,5.300145149230957,-0.843468189239502
2022-09-03 12:30:00,4.439759731292725,5.215806007385254,-0.7760462760925293
2022-09-03 12:45:00,4.40572452545166,4.2481842041015625,0.15754032135009766
2022-09-03 13:00:00,4.4348368644714355,3.157557964324951,1.2772789001464844
2022-09-03 13:15:00,4.471714973449707,3.7968358993530273,0.6748790740966797
2022-09-03 13:30:00,4.4632954597473145,4.75344181060791,-0.2901463508605957
2022-09-03 13:45:00,4.461175918579102,5.227913856506348,-0.7667379379272461
2022-09-03 14:00:00,4.466064929962158,4.581711769104004,-0.1156468391418457
2022-09-03 14:15:00,4.503235340118408,4.386439800262451,0.11679553985595703
2022-09-03 14:30:00,4.543837070465088,4.478751182556152,0.06508588790893555
2022-09-03 14:45:00,4.566749572753906,4.633152008056641,-0.06640243530273438
2022-09-03 15:00:00,4.538243770599365,4.467113971710205,0.07112979888916016
2022-09-03 15:15:00,4.502190589904785,4.805966854095459,-0.30377626419067383
2022-09-03 15:30:00,4.528840065002441,5.360712051391602,-0.8318719863891602
2022-09-03 15:45:00,4.61685848236084,5.051000118255615,-0.4341416358947754
2022-09-03 16:00:00,4.653816223144531,4.959822177886963,-0.30600595474243164
2022-09-03 16:15:00,4.652065753936768,5.404098033905029,-0.7520322799682617
2022-09-03 16:30:00,4.654265403747559,4.807085990905762,-0.15282058715820312
2022-09-03 16:45:00,4.667916774749756,4.056615829467773,0.6113009452819824
2022-09-03 17:00:00,4.662343978881836,3.3625619411468506,1.2997820377349854
2022-09-03 17:15:00,4.6260528564453125,4.570838928222656,0.05521392822265625
2022-09-03 17:30:00,4.618623733520508,5.853309154510498,-1.2346854209899902
2022-09-03 17:45:00,4.640885829925537,5.799617767333984,-1.1587319374084473
2022-09-03 18:00:00,4.63369607925415,4.570252895355225,0.06344318389892578
2022-09-03 18:15:00,4.615047931671143,4.980727195739746,-0.3656792640686035
2022-09-03 18:30:00,4.629626274108887,4.86849308013916,-0.23886680603027344
2022-09-03 18:45:00,4.642623424530029,5.934401035308838,-1.2917776107788086
2022-09-03 19:00:00,4.623599052429199,6.321482181549072,-1.697883129119873
2022-09-03 19:15:00,4.630293369293213,6.7015910148620605,-2.0712976455688477
2022-09-03 19:30:00,4.685924053192139,6.1620049476623535,-1.4760808944702148
2022-09-03 19:45:00,4.756959438323975,6.101480007171631,-1.3445205688476562
2022-09-03 20:00:00,4.775996685028076,8.106335639953613,-3.330338954925537
2022-09-03 20:15:00,4.78088903427124,7.762777805328369,-2.981888771057129
2022-09-03 20:30:00,4.788938999176025,7.722686767578125,-2.9337477684020996
2022-09-03 20:45:00,4.811911106109619,6.227407932281494,-1.415496826171875
2022-09-03 21:00:00,4.828983783721924,6.183629035949707,-1.3546452522277832
2022-09-03 21:15:00,4.8451032638549805,7.094275951385498,-2.2491726875305176
2022-09-03 21:30:00,4.850315570831299,7.509157180786133,-2.658841609954834
2022-09-03 21:45:00,4.851589679718018,7.897139072418213,-3.0455493927001953
2022-09-03 22:00:00,4.852761745452881,6.802999019622803,-1.9502372741699219
2022-09-03 22:15:00,4.857362747192383,6.457665920257568,-1.6003031730651855
2022-09-03 22:30:00,4.8614630699157715,6.300785064697266,-1.4393219947814941
2022-09-03 22:45:00,4.857691287994385,5.9950480461120605,-1.1373567581176758
2022-09-03 23:00:00,4.851441383361816,5.280518054962158,-0.4290766716003418
2022-09-03 23:15:00,4.842173099517822,4.234986782073975,0.6071863174438477
2022-09-03 23:30:00,4.82634973526001,4.350758075714111,0.47559165954589844
2022-09-03 23:45:00,4.806035995483398,5.002621173858643,-0.19658517837524414
2022-09-04 00:00:00,4.788828372955322,4.620184898376465,0.16864347457885742
2022-09-04 00:15:00,4.762480735778809,3.734118938446045,1.0283617973327637
2022-09-04 00:30:00,4.708828449249268,4.8678879737854,-0.1590595245361328
2022-09-04 00:45:00,4.679492473602295,3.1948161125183105,1.4846763610839844
2022-09-04 01:00:00,4.623504161834717,3.2305989265441895,1.3929052352905273
2022-09-04 01:15:00,4.515793323516846,3.352871894836426,1.16292142868042
2022-09-04 01:30:00,4.42621374130249,3.366179943084717,1.0600337982177734
2022-09-04 01:45:00,4.3584160804748535,2.7951459884643555,1.563270092010498
2022-09-04 02:00:00,4.259108543395996,2.5141050815582275,1.7450034618377686
2022-09-04 02:15:00,4.106995105743408,2.4799270629882812,1.627068042755127
2022-09-04 02:30:00,3.958693265914917,1.7729569673538208,2.185736298561096
2022-09-04 02:45:00,3.7447338104248047,1.694949984550476,2.0497838258743286
2022-09-04 03:00:00,3.48464298248291,0.9761080145835876,2.5085349678993225
2022-09-04 03:15:00,3.1794087886810303,1.2060199975967407,1.9733887910842896
2022-09-04 03:30:00,2.9454047679901123,1.827765941619873,1.1176388263702393
2022-09-04 03:45:00,2.7410995960235596,0.7524799704551697,1.98861962556839
2022-09-04 04:00:00,2.4587178230285645,0.5706650018692017,1.8880528211593628
2022-09-04 04:15:00,2.1481359004974365,0.7422729730606079,1.4058629274368286
2022-09-04 04:30:00,1.9360365867614746,0.7261480093002319,1.2098885774612427
2022-09-04 04:45:00,1.7378745079040527,0.7438939809799194,0.9939805269241333
2022-09-04 05:00:00,1.4824295043945312,0.4703249931335449,1.0121045112609863
2022-09-04 05:15:00,1.295656681060791,0.4561710059642792,0.8394856750965118
2022-09-04 05:30:00,1.2237234115600586,0.5885249972343445,0.6351984143257141
2022-09-04 05:45:00,1.2193248271942139,2.16758394241333,-0.9482591152191162
2022-09-04 06:00:00,1.2025704383850098,2.0498430728912354,-0.8472726345062256
2022-09-04 06:15:00,1.1846433877944946,1.3993220329284668,-0.21467864513397217
2022-09-04 06:30:00,1.23087477684021,1.6862759590148926,-0.4554011821746826
2022-09-04 06:45:00,1.346146821975708,1.9272899627685547,-0.5811431407928467
2022-09-04 07:00:00,1.514946699142456,2.178028106689453,-0.6630814075469971
2022-09-04 07:15:00,1.6292030811309814,2.1098170280456543,-0.48061394691467285
2022-09-04 07:30:00,1.6910653114318848,2.4927148818969727,-0.8016495704650879
2022-09-04 07:45:00,1.9344000816345215,2.6134750843048096,-0.6790750026702881
2022-09-04 08:00:00,2.304910659790039,3.5986409187316895,-1.2937302589416504
2022-09-04 08:15:00,2.6306469440460205,2.6878468990325928,-0.057199954986572266
2022-09-04 08:30:00,2.679436206817627,3.5769739151000977,-0.8975377082824707
2022-09-04 08:45:00,2.821213483810425,4.138193130493164,-1.3169796466827393
2022-09-04 09:00:00,3.169485330581665,3.6643760204315186,-0.4948906898498535
2022-09-04 09:15:00,3.41167950630188,4.058653831481934,-0.6469743251800537
2022-09-04 09:30:00,3.5948216915130615,4.721917152404785,-1.1270954608917236
2022-09-04 09:45:00,3.8231699466705322,3.7182159423828125,0.10495400428771973
2022-09-04 10:00:00,4.039097309112549,3.784264087677002,0.2548332214355469
2022-09-04 10:15:00,4.140542984008789,4.676638126373291,-0.536095142364502
2022-09-04 10:30:00,4.256612777709961,4.27085018157959,-0.014237403869628906
2022-09-04 10:45:00,4.333492279052734,3.7142720222473145,0.6192202568054199
2022-09-04 11:00:00,4.400079250335693,5.082760810852051,-0.6826815605163574
2022-09-04 11:15:00,4.4369306564331055,4.160579204559326,0.2763514518737793
2022-09-04 11:30:00,4.475514888763428,3.90010404586792,0.5754108428955078
2022-09-04 11:45:00,4.477747440338135,3.9302260875701904,0.5475213527679443
2022-09-04 12:00:00,4.456531524658203,4.381157875061035,0.07537364959716797
2022-09-04 12:15:00,4.461723804473877,5.144895076751709,-0.683171272277832
2022-09-04 12:30:00,4.508585453033447,4.472931861877441,0.03565359115600586
2022-09-04 12:45:00,4.517899036407471,3.77850604057312,0.7393929958343506
2022-09-04 13:00:00,4.49389123916626,4.005343914031982,0.48854732513427734
2022-09-04 13:15:00,4.501071929931641,4.53740119934082,-0.03632926940917969
2022-09-04 13:30:00,4.528641223907471,5.102609157562256,-0.5739679336547852
2022-09-04 13:45:00,4.5137763023376465,5.220145225524902,-0.7063689231872559
2022-09-04 14:00:00,4.52914571762085,5.573623180389404,-1.0444774627685547
2022-09-04 14:15:00,4.578248500823975,4.882077217102051,-0.30382871627807617
2022-09-04 14:30:00,4.622958660125732,5.032479763031006,-0.40952110290527344
2022-09-04 14:45:00,4.633395671844482,5.355868816375732,-0.72247314453125
2022-09-04 15:00:00,4.630585193634033,5.1604509353637695,-0.5298657417297363
2022-09-04 15:15:00,4.649987697601318,4.652626991271973,-0.002639293670654297
2022-09-04 15:30:00,4.684301376342773,4.231231212615967,0.45307016372680664
2022-09-04 15:45:00,4.699089527130127,4.305638790130615,0.3934507369995117
2022-09-04 16:00:00,4.697600364685059,4.207554817199707,0.49004554748535156
2022-09-04 16:15:00,4.67841100692749,4.619176864624023,0.0592341423034668
2022-09-04 16:30:00,4.656370162963867,4.138950824737549,0.5174193382263184
2022-09-04 16:45:00,4.6282572746276855,4.86552619934082,-0.23726892471313477
2022-09-04 17:00:00,4.620639324188232,4.910367012023926,-0.28972768783569336
2022-09-04 17:15:00,4.619516372680664,4.280355930328369,0.3391604423522949
2022-09-04 17:30:00,4.59443998336792,4.618858814239502,-0.02441883087158203
2022-09-04 17:45:00,4.575995922088623,4.562572002410889,0.013423919677734375
2022-09-04 18:00:00,4.58103609085083,6.318305015563965,-1.7372689247131348
2022-09-04 18:15:00,4.609866619110107,4.559916973114014,0.04994964599609375
2022-09-04 18:30:00,4.620385646820068,4.885437965393066,-0.26505231857299805
2022-09-04 18:45:00,4.631822109222412,6.0296831130981445,-1.3978610038757324
2022-09-04 19:00:00,4.6617045402526855,5.392316818237305,-0.7306122779846191
2022-09-04 19:15:00,4.690780162811279,5.832907199859619,-1.1421270370483398
2022-09-04 19:30:00,4.692793369293213,4.2762532234191895,0.41654014587402344
2022-09-04 19:45:00,4.6891632080078125,5.8870110511779785,-1.197847843170166
2022-09-04 20:00:00,4.717535972595215,4.527217864990234,0.19031810760498047
2022-09-04 20:15:00,4.728611469268799,6.462497234344482,-1.7338857650756836
2022-09-04 20:30:00,4.731508731842041,5.792661190032959,-1.061152458190918
2022-09-04 20:45:00,4.730684757232666,6.358091831207275,-1.6274070739746094
2022-09-04 21:00:00,4.752518177032471,6.604462146759033,-1.8519439697265625
2022-09-04 21:15:00,4.768704414367676,6.6669230461120605,-1.8982186317443848
2022-09-04 21:30:00,4.769581317901611,6.825462818145752,-2.0558815002441406
2022-09-04 21:45:00,4.779069900512695,6.00273323059082,-1.223663330078125
2022-09-04 22:00:00,4.7834906578063965,5.545992851257324,-0.7625021934509277
2022-09-04 22:15:00,4.80546760559082,6.015345096588135,-1.2098774909973145
2022-09-04 22:30:00,4.811202526092529,5.114468097686768,-0.3032655715942383
2022-09-04 22:45:00,4.823826313018799,5.597383975982666,-0.7735576629638672
2022-09-04 23:00:00,4.816400527954102,5.030732154846191,-0.21433162689208984
2022-09-04 23:15:00,4.811490535736084,4.46002721786499,0.35146331787109375
2022-09-04 23:30:00,4.793920993804932,5.0128278732299805,-0.21890687942504883
2022-09-04 23:45:00,4.776655673980713,4.488627910614014,0.2880277633666992
2022-09-05 00:00:00,4.755227088928223,4.108022212982178,0.6472048759460449
2022-09-05 00:15:00,4.7183613777160645,3.0803449153900146,1.6380164623260498
2022-09-05 00:30:00,4.644362449645996,3.4138290882110596,1.2305333614349365
2022-09-05 00:45:00,4.571682453155518,3.80969500541687,0.7619874477386475
2022-09-05 01:00:00,4.521393299102783,3.119687080383301,1.4017062187194824
2022-09-05 01:15:00,4.427829265594482,2.383578062057495,2.0442512035369873
2022-09-05 01:30:00,4.245993614196777,2.247490882873535,1.9985027313232422
2022-09-05 01:45:00,4.070250988006592,1.6350280046463013,2.4352229833602905
2022-09-05 02:00:00,3.859243631362915,1.6558239459991455,2.2034196853637695
2022-09-05 02:15:00,3.5511391162872314,1.1478530168533325,2.403286099433899
2022-09-05 02:30:00,3.223005533218384,0.6882920265197754,2.5347135066986084
2022-09-05 02:45:00,2.9059388637542725,1.2025599479675293,1.7033789157867432
2022-09-05 03:00:00,2.669935941696167,0.503715991973877,2.16621994972229
2022-09-05 03:15:00,2.3677797317504883,0.6390399932861328,1.7287397384643555
2022-09-05 03:30:00,2.0162320137023926,0.8539869785308838,1.1622450351715088
2022-09-05 03:45:00,1.7407634258270264,0.8841789960861206,0.8565844297409058
2022-09-05 04:00:00,1.55289888381958,0.7528150081634521,0.8000838756561279
2022-09-05 04:15:00,1.3693873882293701,0.544530987739563,0.8248564004898071
2022-09-05 04:30:00,1.2174696922302246,0.4539400041103363,0.7635296881198883
2022-09-05 04:45:00,1.103522539138794,0.4061729907989502,0.6973495483398438
2022-09-05 05:00:00,1.0512070655822754,0.8179839849472046,0.2332230806350708
2022-09-05 05:15:00,1.0231366157531738,0.5369529724121094,0.48618364334106445
2022-09-05 05:30:00,0.9559404253959656,0.6057419776916504,0.3501984477043152
2022-09-05 05:45:00,0.9756479263305664,0.8719609975814819,0.10368692874908447
2022-09-05 06:00:00,0.9996034502983093,1.1040929555892944,-0.10448950529098511
2022-09-05 06:15:00,1.0069773197174072,1.1709330081939697,-0.1639556884765625
2022-09-05 06:30:00,1.0012550354003906,1.1914860010147095,-0.19023096561431885
2022-09-05 06:45:00,1.011909008026123,0.8201599717140198,0.19174903631210327
2022-09-05 07:00:00,1.0538816452026367,1.2300020456314087,-0.17612040042877197
2022-09-05 07:15:00,1.1250786781311035,1.2769169807434082,-0.1518383026123047
2022-09-05 07:30:00,1.1987037658691406,1.9930039644241333,-0.7943001985549927
2022-09-05 07:45:00,1.2750451564788818,3.216826915740967,-1.941781759262085
2022-09-05 08:00:00,1.5256702899932861,3.2487950325012207,-1.7231247425079346
2022-09-05 08:15:00,1.8261122703552246,3.1812329292297363,-1.3551206588745117
2022-09-05 08:30:00,2.081207275390625,2.768310070037842,-0.6871027946472168
2022-09-05 08:45:00,2.308903694152832,3.0898330211639404,-0.7809293270111084
2022-09-05 09:00:00,2.559382677078247,3.059462070465088,-0.5000793933868408
2022-09-05 09:15:00,2.7900137901306152,2.9825448989868164,-0.19253110885620117
2022-09-05 09:30:00,3.037731409072876,2.7481000423431396,0.28963136672973633
2022-09-05 09:45:00,3.296597719192505,3.168104887008667,0.1284928321838379
2022-09-05 10:00:00,3.595438241958618,3.3902668952941895,0.2051713466644287
2022-09-05 10:15:00,3.7589075565338135,3.943666934967041,-0.18475937843322754
2022-09-05 10:30:00,3.777204990386963,3.834557056427002,-0.05735206604003906
2022-09-05 10:45:00,3.8102734088897705,3.6214659214019775,0.18880748748779297
2022-09-05 11:00:00,3.8703863620758057,3.1684679985046387,0.701918363571167
2022-09-05 11:15:00,3.9350101947784424,2.932821035385132,1.0021891593933105
2022-09-05 11:30:00,3.92464017868042,3.3040719032287598,0.6205682754516602
2022-09-05 11:45:00,3.934757709503174,4.685816764831543,-0.7510590553283691
2022-09-05 12:00:00,4.025780200958252,4.996307849884033,-0.9705276489257812
2022-09-05 12:15:00,4.146078586578369,5.330965995788574,-1.184887409210205
2022-09-05 12:30:00,4.228889465332031,5.64343786239624,-1.414548397064209
2022-09-05 12:45:00,4.325751781463623,4.179226875305176,0.14652490615844727
2022-09-05 13:00:00,4.372576713562012,3.915937900543213,0.45663881301879883
2022-09-05 13:15:00,4.371114253997803,4.2544732093811035,0.11664104461669922
2022-09-05 13:30:00,4.392691135406494,4.167788982391357,0.22490215301513672
2022-09-05 13:45:00,4.469557285308838,3.577409029006958,0.8921482563018799
2022-09-05 14:00:00,4.526756763458252,3.8628249168395996,0.6639318466186523
2022-09-05 14:15:00,4.546602249145508,4.061018943786621,0.4855833053588867
2022-09-05 14:30:00,4.536005020141602,3.8774659633636475,0.6585390567779541
2022-09-05 14:45:00,4.495604515075684,4.592769145965576,-0.09716463088989258
2022-09-05 15:00:00,4.450446128845215,3.3466200828552246,1.1038260459899902
2022-09-05 15:15:00,4.391772747039795,3.6372599601745605,0.7545127868652344
2022-09-05 15:30:00,4.363486289978027,4.6149091720581055,-0.2514228820800781
2022-09-05 15:45:00,4.383909702301025,4.119607925415039,0.26430177688598633
2022-09-05 16:00:00,4.378138542175293,4.213700771331787,0.16443777084350586
2022-09-05 16:15:00,4.3644938468933105,4.958634853363037,-0.5941410064697266
2022-09-05 16:30:00,4.416691303253174,5.182355880737305,-0.7656645774841309
2022-09-05 16:45:00,4.478649139404297,6.187276840209961,-1.708627700805664
2022-09-05 17:00:00,4.510397434234619,5.526069164276123,-1.015671730041504
2022-09-05 17:15:00,4.5366997718811035,5.0958452224731445,-0.559145450592041
2022-09-05 17:30:00,4.568592071533203,4.633947849273682,-0.06535577774047852
2022-09-05 17:45:00,4.636764049530029,5.331727027893066,-0.6949629783630371
2022-09-05 18:00:00,4.6767048835754395,5.939165115356445,-1.2624602317810059
2022-09-05 18:15:00,4.696840286254883,4.967319011688232,-0.2704787254333496
2022-09-05 18:30:00,4.7204365730285645,4.862360954284668,-0.14192438125610352
2022-09-05 18:45:00,4.7365803718566895,5.4487199783325195,-0.7121396064758301
2022-09-05 19:00:00,4.747784614562988,5.0186028480529785,-0.27081823348999023
2022-09-05 19:15:00,4.748026371002197,5.215820789337158,-0.46779441833496094
2022-09-05 19:30:00,4.729162216186523,5.0821661949157715,-0.35300397872924805
2022-09-05 19:45:00,4.722644329071045,5.313399791717529,-0.5907554626464844
2022-09-05 20:00:00,4.731472969055176,8.510354042053223,-3.778881072998047
2022-09-05 20:15:00,4.7516093254089355,8.044194221496582,-3.2925848960876465
2022-09-05 20:30:00,4.759340763092041,6.0532917976379395,-1.2939510345458984
2022-09-05 20:45:00,4.760677814483643,5.773760795593262,-1.0130829811096191
2022-09-05 21:00:00,4.774749279022217,6.159469127655029,-1.3847198486328125
2022-09-05 21:15:00,4.792691707611084,6.356919765472412,-1.5642280578613281
2022-09-05 21:30:00,4.800089359283447,5.538302898406982,-0.7382135391235352
2022-09-05 21:45:00,4.804347515106201,7.300870895385742,-2.496523380279541
2022-09-05 22:00:00,4.816008567810059,6.023210048675537,-1.2072014808654785
2022-09-05 22:15:00,4.832006931304932,5.483291149139404,-0.6512842178344727
2022-09-05 22:30:00,4.833776950836182,5.067969799041748,-0.2341928482055664
2022-09-05 22:45:00,4.817905902862549,5.32149600982666,-0.5035901069641113
2022-09-05 23:00:00,4.806328296661377,4.7857208251953125,0.020607471466064453
2022-09-05 23:15:00,4.797008514404297,4.061678886413574,0.7353296279907227
2022-09-05 23:30:00,4.7704339027404785,4.210476875305176,0.5599570274353027
2022-09-05 23:45:00,4.7408528327941895,4.149032115936279,0.5918207168579102
2022-09-06 00:00:00,4.712777614593506,3.411763906478882,1.301013708114624
2022-09-06 00:15:00,4.6550726890563965,3.4613258838653564,1.19374680519104
2022-09-06 00:30:00,4.567841053009033,4.2193379402160645,0.34850311279296875
2022-09-06 00:45:00,4.526394367218018,3.106384038925171,1.4200103282928467
2022-09-06 01:00:00,4.4494147300720215,2.4235689640045166,2.025845766067505
2022-09-06 01:15:00,4.277229309082031,2.147566080093384,2.1296632289886475
2022-09-06 01:30:00,4.07963228225708,3.0230929851531982,1.0565392971038818
2022-09-06 01:45:00,3.9769325256347656,2.734365940093994,1.2425665855407715
2022-09-06 02:00:00,3.8601768016815186,2.5196750164031982,1.3405017852783203
2022-09-06 02:15:00,3.6559646129608154,1.8486109972000122,1.8073536157608032
2022-09-06 02:30:00,3.477598190307617,1.4602110385894775,2.0173871517181396
2022-09-06 02:45:00,3.323378324508667,0.7618659734725952,2.5615123510360718
2022-09-06 03:00:00,3.050832748413086,0.8145430088043213,2.2362897396087646
2022-09-06 03:15:00,2.66904616355896,1.020799994468689,1.648246169090271
2022-09-06 03:30:00,2.414372444152832,0.8529180288314819,1.56145441532135
2022-09-06 03:45:00,2.247710943222046,0.7490360140800476,1.4986749291419983
2022-09-06 04:00:00,2.0698180198669434,0.3876990079879761,1.6821190118789673
2022-09-06 04:15:00,1.7983887195587158,0.7816929817199707,1.0166957378387451
2022-09-06 04:30:00,1.553035020828247,0.8458080291748047,0.7072269916534424
2022-09-06 04:45:00,1.3203749656677246,0.40140101313591003,0.9189739525318146
2022-09-06 05:00:00,1.132685661315918,0.2517260015010834,0.8809596598148346
2022-09-06 05:15:00,1.0235767364501953,0.7547619938850403,0.26881474256515503
2022-09-06 05:30:00,1.0371482372283936,0.6024889945983887,0.4346592426300049
2022-09-06 05:45:00,1.0271295309066772,0.3783800005912781,0.6487495303153992
2022-09-06 06:00:00,0.9464292526245117,0.5113149881362915,0.4351142644882202
2022-09-06 06:15:00,0.9005006551742554,0.5075169801712036,0.39298367500305176
2022-09-06 06:30:00,0.9086350798606873,1.4039479494094849,-0.4953128695487976
2022-09-06 06:45:00,0.973051905632019,1.1918840408325195,-0.2188321352005005
2022-09-06 07:00:00,0.9721075892448425,2.880297899246216,-1.9081903100013733
2022-09-06 07:15:00,1.1039552688598633,1.9112099409103394,-0.8072546720504761
2022-09-06 07:30:00,1.3008739948272705,3.671531915664673,-2.3706579208374023
2022-09-06 07:45:00,1.565904140472412,3.4260520935058594,-1.8601479530334473
2022-09-06 08:00:00,1.8799197673797607,2.978200912475586,-1.0982811450958252
2022-09-06 08:15:00,2.130568027496338,2.9145779609680176,-0.7840099334716797
2022-09-06 08:30:00,2.4157888889312744,3.3060319423675537,-0.8902430534362793
2022-09-06 08:45:00,2.774282217025757,2.984502077102661,-0.2102198600769043
2022-09-06 09:00:00,3.1590378284454346,2.39057993888855,0.7684578895568848
2022-09-06 09:15:00,3.3027150630950928,2.9301300048828125,0.3725850582122803
2022-09-06 09:30:00,3.512402296066284,2.5567450523376465,0.9556572437286377
2022-09-06 09:45:00,3.583068609237671,3.334083080291748,0.24898552894592285
2022-09-06 10:00:00,3.6795318126678467,2.919301986694336,0.7602298259735107
2022-09-06 10:15:00,3.6035473346710205,3.5188369750976562,0.08471035957336426
2022-09-06 10:30:00,3.602494478225708,2.9701879024505615,0.6323065757751465
2022-09-06 10:45:00,3.6450960636138916,3.319395065307617,0.3257009983062744
2022-09-06 11:00:00,3.6515562534332275,3.2503509521484375,0.40120530128479004
2022-09-06 11:15:00,3.655733823776245,2.83378005027771,0.8219537734985352
2022-09-06 11:30:00,3.6550185680389404,3.7791740894317627,-0.12415552139282227
2022-09-06 11:45:00,3.7581913471221924,3.8625121116638184,-0.10432076454162598
2022-09-06 12:00:00,3.861732244491577,4.8346848487854,-0.9729526042938232
2022-09-06 12:15:00,3.9862771034240723,4.670831203460693,-0.6845541000366211
2022-09-06 12:30:00,4.059422492980957,5.5044097900390625,-1.4449872970581055
2022-09-06 12:45:00,4.184208869934082,3.8133139610290527,0.3708949089050293
2022-09-06 13:00:00,4.248876094818115,3.1815390586853027,1.0673370361328125
2022-09-06 13:15:00,4.263528823852539,3.2662079334259033,0.9973208904266357
2022-09-06 13:30:00,4.263329982757568,3.658061981201172,0.6052680015563965
2022-09-06 13:45:00,4.309139251708984,4.760979175567627,-0.4518399238586426
2022-09-06 14:00:00,4.3907294273376465,4.597745895385742,-0.2070164680480957
2022-09-06 14:15:00,4.412115097045898,4.362154960632324,0.04996013641357422
2022-09-06 14:30:00,4.432496070861816,4.602351188659668,-0.16985511779785156
2022-09-06 14:45:00,4.443239688873291,3.972332000732422,0.47090768814086914
2022-09-06 15:00:00,4.425424098968506,4.710402011871338,-0.28497791290283203
2022-09-06 15:15:00,4.387191295623779,3.8286919593811035,0.5584993362426758
2022-09-06 15:30:00,4.400036334991455,4.984742164611816,-0.5847058296203613
2022-09-06 15:45:00,4.475699424743652,5.595004081726074,-1.1193046569824219
2022-09-06 16:00:00,4.563979625701904,5.168682098388672,-0.6047024726867676
2022-09-06 16:15:00,4.603851795196533,4.15615701675415,0.4476947784423828
2022-09-06 16:30:00,4.591592311859131,5.655386924743652,-1.0637946128845215
2022-09-06 16:45:00,4.607104301452637,4.40709114074707,0.2000131607055664
2022-09-06 17:00:00,4.627421855926514,4.412134170532227,0.2152876853942871
2022-09-06 17:15:00,4.612386226654053,4.064583778381348,0.5478024482727051
2022-09-06 17:30:00,4.614063739776611,5.150137901306152,-0.536074161529541
2022-09-06 17:45:00,4.63141393661499,5.191290855407715,-0.5598769187927246
2022-09-06 18:00:00,4.668593406677246,4.927539825439453,-0.25894641876220703
2022-09-06 18:15:00,4.6521525382995605,4.694157123565674,-0.04200458526611328
2022-09-06 18:30:00,4.637960910797119,6.0757341384887695,-1.4377732276916504
2022-09-06 18:45:00,4.655493259429932,5.250651836395264,-0.595158576965332
2022-09-06 19:00:00,4.6804728507995605,4.307310104370117,0.37316274642944336
2022-09-06 19:15:00,4.6521406173706055,5.043975830078125,-0.39183521270751953
2022-09-06 19:30:00,4.66375207901001,4.493495941162109,0.1702561378479004
2022-09-06 19:45:00,4.685835361480713,5.3449177742004395,-0.6590824127197266
2022-09-06 20:00:00,4.703537464141846,5.385429859161377,-0.6818923950195312
2022-09-06 20:15:00,4.698976039886475,5.2848992347717285,-0.5859231948852539
2022-09-06 20:30:00,4.702099800109863,6.014377117156982,-1.3122773170471191
2022-09-06 20:45:00,4.717431545257568,5.627501010894775,-0.910069465637207
2022-09-06 21:00:00,4.728447914123535,4.513115882873535,0.21533203125
2022-09-06 21:15:00,4.711677551269531,4.735726833343506,-0.02404928207397461
2022-09-06 21:30:00,4.7043538093566895,5.1949639320373535,-0.49061012268066406
2022-09-06 21:45:00,4.723789691925049,6.115053176879883,-1.391263484954834
2022-09-06 22:00:00,4.733950614929199,6.24166202545166,-1.507711410522461
2022-09-06 22:15:00,4.7480363845825195,5.337035179138184,-0.5889987945556641
2022-09-06 22:30:00,4.7501726150512695,5.275242805480957,-0.5250701904296875
2022-09-06 22:45:00,4.7561821937561035,5.2171430587768555,-0.46096086502075195
2022-09-06 23:00:00,4.756700038909912,4.750955104827881,0.00574493408203125
2022-09-06 23:15:00,4.7396697998046875,4.649134159088135,0.09053564071655273
2022-09-06 23:30:00,4.725833892822266,4.65265417098999,0.07317972183227539
2022-09-06 23:45:00,4.733224868774414,5.059605121612549,-0.32638025283813477
