2022-08-23 00:00:00,5.735498999999999
2022-08-23 00:15:00,3.6974020000000003
2022-08-23 00:30:00,3.17521
2022-08-23 00:45:00,2.777087
2022-08-23 01:00:00,2.2843420000000005
2022-08-23 01:15:00,2.059004
2022-08-23 01:30:00,2.5831510000000004
2022-08-23 01:45:00,2.666846
2022-08-23 02:00:00,1.920268
2022-08-23 02:15:00,1.124196
2022-08-23 02:30:00,0.782327
2022-08-23 02:45:00,1.226543
2022-08-23 03:00:00,0.8384949999999999
2022-08-23 03:15:00,0.8787140000000001
2022-08-23 03:30:00,0.9966629999999999
2022-08-23 03:45:00,1.012042
2022-08-23 04:00:00,0.648541
2022-08-23 04:15:00,0.7327919999999999
2022-08-23 04:30:00,0.647426
2022-08-23 04:45:00,0.8901349999999999
2022-08-23 05:00:00,0.718273
2022-08-23 05:15:00,0.8410709999999999
2022-08-23 05:30:00,1.4100930000000003
2022-08-23 05:45:00,1.0917200000000002
2022-08-23 06:00:00,1.530761
2022-08-23 06:15:00,1.564281
2022-08-23 06:30:00,1.293924
2022-08-23 06:45:00,1.7852829999999997
2022-08-23 07:00:00,2.08412
2022-08-23 07:15:00,2.4702260000000003
2022-08-23 07:30:00,2.9415249999999995
2022-08-23 07:45:00,3.197678
2022-08-23 08:00:00,3.159717
2022-08-23 08:15:00,3.8214279999999996
2022-08-23 08:30:00,4.125404999999999
2022-08-23 08:45:00,3.595075
2022-08-23 09:00:00,4.360658999999999
2022-08-23 09:15:00,4.51715
2022-08-23 09:30:00,4.237838
2022-08-23 09:45:00,3.1030719999999996
2022-08-23 10:00:00,3.526946
2022-08-23 10:15:00,3.2470420000000004
2022-08-23 10:30:00,4.4328520000000005
2022-08-23 10:45:00,3.5516069999999997
2022-08-23 11:00:00,4.7954099999999995
2022-08-23 11:15:00,4.789809000000001
2022-08-23 11:30:00,4.098872
2022-08-23 11:45:00,4.040345
2022-08-23 12:00:00,5.69611
2022-08-23 12:15:00,6.856558000000001
2022-08-23 12:30:00,6.384598000000001
2022-08-23 12:45:00,5.37603
2022-08-23 13:00:00,6.037698
2022-08-23 13:15:00,5.986029
2022-08-23 13:30:00,5.365168000000001
2022-08-23 13:45:00,3.975488
2022-08-23 14:00:00,5.267526
2022-08-23 14:15:00,4.487302000000001
2022-08-23 14:30:00,4.932378
2022-08-23 14:45:00,4.2625910000000005
2022-08-23 15:00:00,4.79924
2022-08-23 15:15:00,5.765931999999999
2022-08-23 15:30:00,5.035934999999999
2022-08-23 15:45:00,5.275499999999999
2022-08-23 16:00:00,4.578519
2022-08-23 16:15:00,4.990559999999999
2022-08-23 16:30:00,5.048026
2022-08-23 16:45:00,5.962276999999999
2022-08-23 17:00:00,5.9160189999999995
2022-08-23 17:15:00,7.170068
2022-08-23 17:30:00,7.677473
2022-08-23 17:45:00,8.531819
2022-08-23 18:00:00,6.977041
2022-08-23 18:15:00,6.138807000000001
2022-08-23 18:30:00,6.807902000000001
2022-08-23 18:45:00,6.580651
2022-08-23 19:00:00,6.7326
2022-08-23 19:15:00,6.20768
2022-08-23 19:30:00,6.192259
2022-08-23 19:45:00,7.755003
2022-08-23 20:00:00,6.9777510000000005
2022-08-23 20:15:00,7.258058
2022-08-23 20:30:00,7.311867
2022-08-23 20:45:00,8.274917
2022-08-23 21:00:00,9.184582
2022-08-23 21:15:00,8.458376
2022-08-23 21:30:00,7.601809
2022-08-23 21:45:00,6.719323
2022-08-23 22:00:00,5.6806339999999995
2022-08-23 22:15:00,6.346321
2022-08-23 22:30:00,5.993125999999999
2022-08-23 22:45:00,6.607693
2022-08-23 23:00:00,6.141366
2022-08-23 23:15:00,5.260167000000001
2022-08-23 23:30:00,5.162345999999999
2022-08-23 23:45:00,5.807192
2022-08-24 00:00:00,5.042021000000001
2022-08-24 00:15:00,6.147068
2022-08-24 00:30:00,4.158879
2022-08-24 00:45:00,4.261805
2022-08-24 01:00:00,3.019832
2022-08-24 01:15:00,2.7380419999999996
2022-08-24 01:30:00,1.3918810000000001
2022-08-24 01:45:00,1.250174
2022-08-24 02:00:00,1.6876039999999999
2022-08-24 02:15:00,2.789039
2022-08-24 02:30:00,3.5909750000000003
2022-08-24 02:45:00,3.093399
2022-08-24 03:00:00,1.8591820000000003
2022-08-24 03:15:00,1.0492329999999999
2022-08-24 03:30:00,1.055534
2022-08-24 03:45:00,0.8159759999999999
2022-08-24 04:00:00,0.846928
2022-08-24 04:15:00,0.875081
2022-08-24 04:30:00,0.720302
2022-08-24 04:45:00,0.865931
2022-08-24 05:00:00,0.777876
2022-08-24 05:15:00,0.607008
2022-08-24 05:30:00,1.3665589999999999
2022-08-24 05:45:00,1.234411
2022-08-24 06:00:00,1.1376160000000002
2022-08-24 06:15:00,1.0272400000000002
2022-08-24 06:30:00,1.4448230000000002
2022-08-24 06:45:00,1.420994
2022-08-24 07:00:00,1.970135
2022-08-24 07:15:00,1.975762
2022-08-24 07:30:00,2.445986
2022-08-24 07:45:00,3.599624
2022-08-24 08:00:00,4.276464
2022-08-24 08:15:00,3.621159
2022-08-24 08:30:00,3.0123719999999996
2022-08-24 08:45:00,2.7146169999999996
2022-08-24 09:00:00,3.2680339999999997
2022-08-24 09:15:00,3.713826
2022-08-24 09:30:00,3.267321
2022-08-24 09:45:00,3.7062960000000005
2022-08-24 10:00:00,4.517641
2022-08-24 10:15:00,5.021832
2022-08-24 10:30:00,5.413105
2022-08-24 10:45:00,5.776783
2022-08-24 11:00:00,9.088286
2022-08-24 11:15:00,5.23529
2022-08-24 11:30:00,4.899192
2022-08-24 11:45:00,4.914468
2022-08-24 12:00:00,6.082452999999999
2022-08-24 12:15:00,7.123166
2022-08-24 12:30:00,6.4917419999999995
2022-08-24 12:45:00,5.707384
2022-08-24 13:00:00,4.6803550000000005
2022-08-24 13:15:00,5.221648000000001
2022-08-24 13:30:00,5.078474
2022-08-24 13:45:00,5.494003000000001
2022-08-24 14:00:00,4.782654000000001
2022-08-24 14:15:00,4.153988
2022-08-24 14:30:00,4.9371290000000005
2022-08-24 14:45:00,3.834315
2022-08-24 15:00:00,4.3337639999999995
2022-08-24 15:15:00,4.463849
2022-08-24 15:30:00,4.7538100000000005
2022-08-24 15:45:00,5.172688999999999
2022-08-24 16:00:00,5.218346
2022-08-24 16:15:00,3.97496
2022-08-24 16:30:00,3.767242
2022-08-24 16:45:00,5.096597
2022-08-24 17:00:00,4.519385999999999
2022-08-24 17:15:00,4.923993
2022-08-24 17:30:00,4.96688
2022-08-24 17:45:00,5.279665
2022-08-24 18:00:00,5.493969
2022-08-24 18:15:00,4.686541
2022-08-24 18:30:00,5.877729
2022-08-24 18:45:00,6.028964
2022-08-24 19:00:00,5.413206000000001
2022-08-24 19:15:00,5.097471
2022-08-24 19:30:00,5.297567
2022-08-24 19:45:00,6.791203
2022-08-24 20:00:00,6.337254
2022-08-24 20:15:00,5.287994
2022-08-24 20:30:00,5.484453999999999
2022-08-24 20:45:00,6.927637000000001
2022-08-24 21:00:00,6.173578999999999
2022-08-24 21:15:00,7.280929
2022-08-24 21:30:00,7.122395
2022-08-24 21:45:00,6.044469
2022-08-24 22:00:00,5.357131999999999
2022-08-24 22:15:00,5.722938
2022-08-24 22:30:00,6.205305000000001
2022-08-24 22:45:00,5.717702
2022-08-24 23:00:00,5.42119
2022-08-24 23:15:00,4.95628
2022-08-24 23:30:00,5.3203450000000005
2022-08-24 23:45:00,5.7208179999999995
2022-08-25 00:00:00,4.325017
2022-08-25 00:15:00,2.848174
2022-08-25 00:30:00,2.869351
2022-08-25 00:45:00,4.109405
2022-08-25 01:00:00,4.859412000000001
2022-08-25 01:15:00,4.055123000000001
2022-08-25 01:30:00,2.616625
2022-08-25 01:45:00,2.5673690000000002
2022-08-25 02:00:00,2.3270079999999997
2022-08-25 02:15:00,1.704019
2022-08-25 02:30:00,1.2867610000000003
2022-08-25 02:45:00,1.551944
2022-08-25 03:00:00,2.035692
2022-08-25 03:15:00,1.3368289999999998
2022-08-25 03:30:00,0.808257
2022-08-25 03:45:00,0.9267350000000001
2022-08-25 04:00:00,0.8874319999999999
2022-08-25 04:15:00,1.011298
2022-08-25 04:30:00,1.056662
2022-08-25 04:45:00,0.9168669999999999
2022-08-25 05:00:00,0.8097780000000001
2022-08-25 05:15:00,0.7097640000000001
2022-08-25 05:30:00,0.7455620000000001
2022-08-25 05:45:00,0.9572409999999999
2022-08-25 06:00:00,1.140008
2022-08-25 06:15:00,1.3640769999999998
2022-08-25 06:30:00,1.454188
2022-08-25 06:45:00,1.5682429999999998
2022-08-25 07:00:00,1.193489
2022-08-25 07:15:00,1.804907
2022-08-25 07:30:00,2.050482
2022-08-25 07:45:00,2.5387739999999996
2022-08-25 08:00:00,3.033365
2022-08-25 08:15:00,2.666122
2022-08-25 08:30:00,2.962075
2022-08-25 08:45:00,3.168014
2022-08-25 09:00:00,3.4662460000000004
2022-08-25 09:15:00,3.260909
2022-08-25 09:30:00,4.413606000000001
2022-08-25 09:45:00,4.275364
2022-08-25 10:00:00,4.763755
2022-08-25 10:15:00,5.821886999999999
2022-08-25 10:30:00,5.504604999999999
2022-08-25 10:45:00,4.691552000000001
2022-08-25 11:00:00,4.3871199999999995
2022-08-25 11:15:00,4.903711
2022-08-25 11:30:00,5.210541
2022-08-25 11:45:00,4.46084
2022-08-25 12:00:00,5.437815
2022-08-25 12:15:00,6.887834999999999
2022-08-25 12:30:00,6.787639
2022-08-25 12:45:00,7.018882
2022-08-25 13:00:00,3.715409
2022-08-25 13:15:00,4.597813
2022-08-25 13:30:00,4.35023
2022-08-25 13:45:00,3.7545989999999994
2022-08-25 14:00:00,3.787251
2022-08-25 14:15:00,3.772033
2022-08-25 14:30:00,3.8701179999999997
2022-08-25 14:45:00,4.095778
2022-08-25 15:00:00,4.739018
2022-08-25 15:15:00,4.498565
2022-08-25 15:30:00,6.552333
2022-08-25 15:45:00,4.53633
2022-08-25 16:00:00,6.339084
2022-08-25 16:15:00,6.002978
2022-08-25 16:30:00,5.5557799999999995
2022-08-25 16:45:00,6.0963009999999995
2022-08-25 17:00:00,6.092932
2022-08-25 17:15:00,6.688629
2022-08-25 17:30:00,6.999744000000001
2022-08-25 17:45:00,7.916339
2022-08-25 18:00:00,7.394909
2022-08-25 18:15:00,6.7203159999999995
2022-08-25 18:30:00,6.175653
2022-08-25 18:45:00,6.876887999999999
2022-08-25 19:00:00,6.978655
2022-08-25 19:15:00,7.331812
2022-08-25 19:30:00,8.037262
2022-08-25 19:45:00,7.122898
2022-08-25 20:00:00,7.102917
2022-08-25 20:15:00,6.719197
2022-08-25 20:30:00,7.819036
2022-08-25 20:45:00,7.053869
2022-08-25 21:00:00,5.897854
2022-08-25 21:15:00,7.2851349999999995
2022-08-25 21:30:00,7.019737
2022-08-25 21:45:00,7.573096000000001
2022-08-25 22:00:00,7.910857
2022-08-25 22:15:00,8.362797
2022-08-25 22:30:00,7.637541
2022-08-25 22:45:00,8.067381999999998
2022-08-25 23:00:00,4.419125
2022-08-25 23:15:00,3.99388
2022-08-25 23:30:00,3.727371
2022-08-25 23:45:00,4.4830689999999995
2022-08-26 00:00:00,4.239019999999999
2022-08-26 00:15:00,3.572372
2022-08-26 00:30:00,3.4810920000000003
2022-08-26 00:45:00,2.6620760000000003
2022-08-26 01:00:00,3.0458140000000005
2022-08-26 01:15:00,2.050644
2022-08-26 01:30:00,2.3956969999999997
2022-08-26 01:45:00,1.963685
2022-08-26 02:00:00,1.4213369999999999
2022-08-26 02:15:00,1.269938
2022-08-26 02:30:00,1.1030680000000002
2022-08-26 02:45:00,1.006922
2022-08-26 03:00:00,0.763351
2022-08-26 03:15:00,0.6548039999999999
2022-08-26 03:30:00,1.0173560000000001
2022-08-26 03:45:00,1.0062
2022-08-26 04:00:00,1.6109620000000002
2022-08-26 04:15:00,1.044263
2022-08-26 04:30:00,1.130228
2022-08-26 04:45:00,0.9230089999999999
2022-08-26 05:00:00,1.105832
2022-08-26 05:15:00,1.016052
2022-08-26 05:30:00,1.0174899999999998
2022-08-26 05:45:00,1.0038279999999997
2022-08-26 06:00:00,1.284363
2022-08-26 06:15:00,1.132663
2022-08-26 06:30:00,1.1368109999999998
2022-08-26 06:45:00,0.903835
2022-08-26 07:00:00,2.1166530000000003
2022-08-26 07:15:00,2.3161080000000003
2022-08-26 07:30:00,2.433903
2022-08-26 07:45:00,2.6840729999999997
2022-08-26 08:00:00,3.4529860000000006
2022-08-26 08:15:00,2.5352729999999997
2022-08-26 08:30:00,2.2022109999999997
2022-08-26 08:45:00,2.8156559999999997
2022-08-26 09:00:00,3.0729010000000003
2022-08-26 09:15:00,3.078753
2022-08-26 09:30:00,3.096923
2022-08-26 09:45:00,4.8563019999999995
2022-08-26 10:00:00,3.602284
2022-08-26 10:15:00,3.861082
2022-08-26 10:30:00,3.214165
2022-08-26 10:45:00,4.244259
2022-08-26 11:00:00,4.143618999999999
2022-08-26 11:15:00,5.304374
2022-08-26 11:30:00,4.698193
2022-08-26 11:45:00,5.027621
2022-08-26 12:00:00,5.072946
2022-08-26 12:15:00,6.643831
2022-08-26 12:30:00,6.311043
2022-08-26 12:45:00,4.986268
2022-08-26 13:00:00,3.075425
2022-08-26 13:15:00,3.130381
2022-08-26 13:30:00,4.111757999999999
2022-08-26 13:45:00,4.3409390000000005
2022-08-26 14:00:00,3.8838660000000003
2022-08-26 14:15:00,3.87661
2022-08-26 14:30:00,4.941171000000001
2022-08-26 14:45:00,5.284485
2022-08-26 15:00:00,5.247261
2022-08-26 15:15:00,5.405369
2022-08-26 15:30:00,6.0362990000000005
2022-08-26 15:45:00,4.607887999999999
2022-08-26 16:00:00,5.469455
2022-08-26 16:15:00,4.502954000000001
2022-08-26 16:30:00,5.452703
2022-08-26 16:45:00,4.931494
2022-08-26 17:00:00,4.61615
2022-08-26 17:15:00,4.662045
2022-08-26 17:30:00,5.417625
2022-08-26 17:45:00,6.5217600000000004
2022-08-26 18:00:00,5.794914
2022-08-26 18:15:00,4.9782459999999995
2022-08-26 18:30:00,5.498061
2022-08-26 18:45:00,4.538768
2022-08-26 19:00:00,4.0909059999999995
2022-08-26 19:15:00,4.764559
2022-08-26 19:30:00,5.818118999999999
2022-08-26 19:45:00,6.291441999999999
2022-08-26 20:00:00,6.053556
2022-08-26 20:15:00,9.005348
2022-08-26 20:30:00,6.830444
2022-08-26 20:45:00,5.796234000000001
2022-08-26 21:00:00,6.240564000000001
2022-08-26 21:15:00,6.029148999999999
2022-08-26 21:30:00,7.795478
2022-08-26 21:45:00,6.376289999999999
2022-08-26 22:00:00,7.407887
2022-08-26 22:15:00,7.268957
2022-08-26 22:30:00,6.399475000000001
2022-08-26 22:45:00,5.353646
2022-08-26 23:00:00,4.763358
2022-08-26 23:15:00,6.060192
2022-08-26 23:30:00,5.422071
2022-08-26 23:45:00,5.077883
2022-08-27 00:00:00,3.320577
2022-08-27 00:15:00,3.032895
2022-08-27 00:30:00,3.220993
2022-08-27 00:45:00,2.2762890000000002
2022-08-27 01:00:00,2.997393
2022-08-27 01:15:00,2.289498
2022-08-27 01:30:00,1.6828259999999997
2022-08-27 01:45:00,2.130533
2022-08-27 02:00:00,2.363163
2022-08-27 02:15:00,1.511092
2022-08-27 02:30:00,1.214202
2022-08-27 02:45:00,0.8413499999999999
2022-08-27 03:00:00,1.20493
2022-08-27 03:15:00,1.306797
2022-08-27 03:30:00,0.7746010000000001
2022-08-27 03:45:00,0.346108
2022-08-27 04:00:00,0.42787800000000004
2022-08-27 04:15:00,0.38390100000000005
2022-08-27 04:30:00,0.843568
2022-08-27 04:45:00,0.42310400000000004
2022-08-27 05:00:00,0.989808
2022-08-27 05:15:00,0.63491
2022-08-27 05:30:00,0.958878
2022-08-27 05:45:00,0.8870340000000001
2022-08-27 06:00:00,2.008227
2022-08-27 06:15:00,0.913802
2022-08-27 06:30:00,0.8703980000000001
2022-08-27 06:45:00,1.2187780000000001
2022-08-27 07:00:00,2.164418
2022-08-27 07:15:00,2.051845
2022-08-27 07:30:00,2.804798
2022-08-27 07:45:00,2.183176
2022-08-27 08:00:00,2.470683
2022-08-27 08:15:00,3.2366820000000005
2022-08-27 08:30:00,2.9096379999999997
2022-08-27 08:45:00,2.5662949999999998
2022-08-27 09:00:00,3.763647
2022-08-27 09:15:00,3.401845
2022-08-27 09:30:00,2.7390630000000002
2022-08-27 09:45:00,2.6517490000000006
2022-08-27 10:00:00,3.092172
2022-08-27 10:15:00,2.9720950000000004
2022-08-27 10:30:00,3.951553
2022-08-27 10:45:00,4.005063
2022-08-27 11:00:00,4.059434
2022-08-27 11:15:00,4.375596
2022-08-27 11:30:00,4.387295000000001
2022-08-27 11:45:00,4.577227
2022-08-27 12:00:00,4.029635
2022-08-27 12:15:00,5.796568
2022-08-27 12:30:00,5.416302
2022-08-27 12:45:00,5.332397
2022-08-27 13:00:00,3.587896
2022-08-27 13:15:00,4.180898
2022-08-27 13:30:00,3.926879
2022-08-27 13:45:00,3.450431
2022-08-27 14:00:00,4.299829
2022-08-27 14:15:00,4.797688999999999
2022-08-27 14:30:00,4.94848
2022-08-27 14:45:00,3.3573130000000004
2022-08-27 15:00:00,4.493731
2022-08-27 15:15:00,5.3477179999999995
2022-08-27 15:30:00,4.920863
2022-08-27 15:45:00,4.408596
2022-08-27 16:00:00,4.2829250000000005
2022-08-27 16:15:00,3.856747
2022-08-27 16:30:00,5.190074000000001
2022-08-27 16:45:00,5.550981
2022-08-27 17:00:00,4.991261
2022-08-27 17:15:00,5.737743999999999
2022-08-27 17:30:00,5.354464
2022-08-27 17:45:00,6.368303
2022-08-27 18:00:00,5.393347
2022-08-27 18:15:00,6.236828
2022-08-27 18:30:00,5.747294
2022-08-27 18:45:00,5.375666
2022-08-27 19:00:00,5.303954000000001
2022-08-27 19:15:00,5.123442
2022-08-27 19:30:00,5.628495000000001
2022-08-27 19:45:00,5.908188000000001
2022-08-27 20:00:00,5.696980000000001
2022-08-27 20:15:00,6.263418
2022-08-27 20:30:00,5.153156
2022-08-27 20:45:00,5.439554
2022-08-27 21:00:00,5.9020529999999995
2022-08-27 21:15:00,5.9306
2022-08-27 21:30:00,5.786165
2022-08-27 21:45:00,5.497418
2022-08-27 22:00:00,5.910181
2022-08-27 22:15:00,6.38226
2022-08-27 22:30:00,6.068616
2022-08-27 22:45:00,5.804861000000001
2022-08-27 23:00:00,5.049869999999999
2022-08-27 23:15:00,4.897392
2022-08-27 23:30:00,4.395116999999999
2022-08-27 23:45:00,4.359597
2022-08-28 00:00:00,4.093832
2022-08-28 00:15:00,4.828227
2022-08-28 00:30:00,5.260653
2022-08-28 00:45:00,3.555304
2022-08-28 01:00:00,3.3067079999999995
2022-08-28 01:15:00,2.662334
2022-08-28 01:30:00,1.981473
2022-08-28 01:45:00,1.793801
2022-08-28 02:00:00,2.3966250000000002
2022-08-28 02:15:00,2.822629
2022-08-28 02:30:00,1.5807710000000001
2022-08-28 02:45:00,1.021715
2022-08-28 03:00:00,1.034344
2022-08-28 03:15:00,1.066681
2022-08-28 03:30:00,0.5256810000000001
2022-08-28 03:45:00,0.62853
2022-08-28 04:00:00,1.005433
2022-08-28 04:15:00,0.5578590000000001
2022-08-28 04:30:00,0.462939
2022-08-28 04:45:00,0.352895
2022-08-28 05:00:00,0.268861
2022-08-28 05:15:00,0.41013299999999997
2022-08-28 05:30:00,0.5089380000000001
2022-08-28 05:45:00,0.560014
2022-08-28 06:00:00,1.057388
2022-08-28 06:15:00,2.1004820000000004
2022-08-28 06:30:00,2.052906
2022-08-28 06:45:00,1.589368
2022-08-28 07:00:00,1.817555
2022-08-28 07:15:00,2.085142
2022-08-28 07:30:00,2.448842
2022-08-28 07:45:00,1.886348
2022-08-28 08:00:00,2.098764
2022-08-28 08:15:00,5.784896999999999
2022-08-28 08:30:00,3.905507
2022-08-28 08:45:00,3.750239
2022-08-28 09:00:00,3.183772
2022-08-28 09:15:00,2.880624
2022-08-28 09:30:00,3.976933
2022-08-28 09:45:00,3.7713159999999997
2022-08-28 10:00:00,4.853793
2022-08-28 10:15:00,3.3426150000000003
2022-08-28 10:30:00,3.052548
2022-08-28 10:45:00,4.983907
2022-08-28 11:00:00,3.81421
2022-08-28 11:15:00,5.027028
2022-08-28 11:30:00,4.449221
2022-08-28 11:45:00,3.438386
2022-08-28 12:00:00,4.510800999999999
2022-08-28 12:15:00,5.453175000000001
2022-08-28 12:30:00,5.142046
2022-08-28 12:45:00,4.835728
2022-08-28 13:00:00,3.810183
2022-08-28 13:15:00,6.078722999999999
2022-08-28 13:30:00,7.126984000000001
2022-08-28 13:45:00,4.485955000000001
2022-08-28 14:00:00,4.619934
2022-08-28 14:15:00,5.541092
2022-08-28 14:30:00,4.937657
2022-08-28 14:45:00,6.268402999999999
2022-08-28 15:00:00,3.653936
2022-08-28 15:15:00,4.928496
2022-08-28 15:30:00,4.570798
2022-08-28 15:45:00,5.305306
2022-08-28 16:00:00,6.180187
2022-08-28 16:15:00,5.5526159999999996
2022-08-28 16:30:00,4.435301
2022-08-28 16:45:00,4.541694999999999
2022-08-28 17:00:00,4.522209
2022-08-28 17:15:00,5.0130040000000005
2022-08-28 17:30:00,4.237709000000001
2022-08-28 17:45:00,4.792086
2022-08-28 18:00:00,5.159105
2022-08-28 18:15:00,5.0796779999999995
2022-08-28 18:30:00,5.777895999999999
2022-08-28 18:45:00,4.763151
2022-08-28 19:00:00,5.010558
2022-08-28 19:15:00,5.058312
2022-08-28 19:30:00,4.635089
2022-08-28 19:45:00,5.235733999999999
2022-08-28 20:00:00,5.699517
2022-08-28 20:15:00,5.474465
2022-08-28 20:30:00,5.592260000000001
2022-08-28 20:45:00,5.628968
2022-08-28 21:00:00,4.629849999999999
2022-08-28 21:15:00,5.799462999999999
2022-08-28 21:30:00,5.6834240000000005
2022-08-28 21:45:00,5.846477
2022-08-28 22:00:00,5.7220640000000005
2022-08-28 22:15:00,5.778745999999999
2022-08-28 22:30:00,5.857308
2022-08-28 22:45:00,6.966623
2022-08-28 23:00:00,5.3325569999999995
2022-08-28 23:15:00,4.300013
2022-08-28 23:30:00,4.971208000000001
2022-08-28 23:45:00,5.357387
2022-08-29 00:00:00,3.514586
2022-08-29 00:15:00,3.460412
2022-08-29 00:30:00,2.949001
2022-08-29 00:45:00,3.474726
2022-08-29 01:00:00,2.4162600000000003
2022-08-29 01:15:00,1.708835
2022-08-29 01:30:00,1.831124
2022-08-29 01:45:00,1.77796
2022-08-29 02:00:00,1.2330169999999998
2022-08-29 02:15:00,1.6517549999999999
2022-08-29 02:30:00,1.405811
2022-08-29 02:45:00,0.929465
2022-08-29 03:00:00,0.6268009999999999
2022-08-29 03:15:00,0.903405
2022-08-29 03:30:00,0.6419540000000001
2022-08-29 03:45:00,0.7309709999999999
2022-08-29 04:00:00,0.766449
2022-08-29 04:15:00,0.90074
2022-08-29 04:30:00,0.9528190000000001
2022-08-29 04:45:00,0.9872810000000001
2022-08-29 05:00:00,0.672377
2022-08-29 05:15:00,0.894126
2022-08-29 05:30:00,0.8878609999999999
2022-08-29 05:45:00,0.7244990000000001
2022-08-29 06:00:00,0.641577
2022-08-29 06:15:00,0.6743910000000001
2022-08-29 06:30:00,1.392268
2022-08-29 06:45:00,1.81618
2022-08-29 07:00:00,1.8568280000000001
2022-08-29 07:15:00,1.4890020000000002
2022-08-29 07:30:00,1.779295
2022-08-29 07:45:00,2.339348
2022-08-29 08:00:00,2.8234859999999995
2022-08-29 08:15:00,2.907646
2022-08-29 08:30:00,2.965079
2022-08-29 08:45:00,4.141335
2022-08-29 09:00:00,3.203977
2022-08-29 09:15:00,4.02651
2022-08-29 09:30:00,3.6953760000000004
2022-08-29 09:45:00,2.9042350000000003
2022-08-29 10:00:00,3.785358
2022-08-29 10:15:00,3.1630589999999996
2022-08-29 10:30:00,3.0785099999999996
2022-08-29 10:45:00,4.753218
2022-08-29 11:00:00,5.762982
2022-08-29 11:15:00,4.351636
2022-08-29 11:30:00,6.145393
2022-08-29 11:45:00,4.4409220000000005
2022-08-29 12:00:00,4.2192
2022-08-29 12:15:00,5.4698139999999995
2022-08-29 12:30:00,6.024538000000001
2022-08-29 12:45:00,5.3704
2022-08-29 13:00:00,4.027051999999999
2022-08-29 13:15:00,4.414847
2022-08-29 13:30:00,4.247056
2022-08-29 13:45:00,4.615439
2022-08-29 14:00:00,4.033179
2022-08-29 14:15:00,6.311287999999999
2022-08-29 14:30:00,6.967904
2022-08-29 14:45:00,5.059119000000001
2022-08-29 15:00:00,5.344196
2022-08-29 15:15:00,4.485582
2022-08-29 15:30:00,5.5379309999999995
2022-08-29 15:45:00,6.051136
2022-08-29 16:00:00,5.314953999999999
2022-08-29 16:15:00,4.529585
2022-08-29 16:30:00,4.601609
2022-08-29 16:45:00,5.003563
2022-08-29 17:00:00,4.7226349999999995
2022-08-29 17:15:00,5.055078999999999
2022-08-29 17:30:00,5.499232999999999
2022-08-29 17:45:00,6.430218
2022-08-29 18:00:00,5.775707
2022-08-29 18:15:00,6.274351000000001
2022-08-29 18:30:00,5.593534
2022-08-29 18:45:00,4.833730999999999
2022-08-29 19:00:00,6.919345
2022-08-29 19:15:00,6.838069
2022-08-29 19:30:00,6.021483
2022-08-29 19:45:00,6.060443000000001
2022-08-29 20:00:00,6.233912999999999
2022-08-29 20:15:00,5.216157
2022-08-29 20:30:00,4.451852000000001
2022-08-29 20:45:00,5.4415309999999995
2022-08-29 21:00:00,5.102449999999999
2022-08-29 21:15:00,6.438292000000001
2022-08-29 21:30:00,5.594068000000001
2022-08-29 21:45:00,5.365912999999999
2022-08-29 22:00:00,5.55556
2022-08-29 22:15:00,5.856195
2022-08-29 22:30:00,5.632805
2022-08-29 22:45:00,3.866876
2022-08-29 23:00:00,4.820277999999999
2022-08-29 23:15:00,4.862626000000001
2022-08-29 23:30:00,3.969181
2022-08-29 23:45:00,2.949135
2022-08-30 00:00:00,2.3861199999999996
2022-08-30 00:15:00,2.823741
2022-08-30 00:30:00,4.764722
2022-08-30 00:45:00,3.183864
2022-08-30 01:00:00,2.769504
2022-08-30 01:15:00,2.9138279999999996
2022-08-30 01:30:00,2.6330889999999996
2022-08-30 01:45:00,2.3441039999999997
2022-08-30 02:00:00,2.489406
2022-08-30 02:15:00,1.497055
2022-08-30 02:30:00,1.287028
2022-08-30 02:45:00,1.155033
2022-08-30 03:00:00,0.7815079999999999
2022-08-30 03:15:00,1.214238
2022-08-30 03:30:00,0.839646
2022-08-30 03:45:00,0.437505
2022-08-30 04:00:00,0.620491
2022-08-30 04:15:00,0.5194690000000001
2022-08-30 04:30:00,0.902805
2022-08-30 04:45:00,1.2327169999999998
2022-08-30 05:00:00,1.222249
2022-08-30 05:15:00,0.880796
2022-08-30 05:30:00,0.802781
2022-08-30 05:45:00,0.628622
2022-08-30 06:00:00,0.617876
2022-08-30 06:15:00,1.131924
2022-08-30 06:30:00,0.918453
2022-08-30 06:45:00,1.061918
2022-08-30 07:00:00,1.67316
2022-08-30 07:15:00,2.445338
2022-08-30 07:30:00,3.7007930000000004
2022-08-30 07:45:00,3.094389
2022-08-30 08:00:00,2.737256
2022-08-30 08:15:00,2.58961
2022-08-30 08:30:00,2.386909
2022-08-30 08:45:00,3.2884580000000003
2022-08-30 09:00:00,3.319023
2022-08-30 09:15:00,2.361801
2022-08-30 09:30:00,3.9663449999999996
2022-08-30 09:45:00,3.6935910000000005
2022-08-30 10:00:00,3.830451
2022-08-30 10:15:00,3.104216
2022-08-30 10:30:00,3.866374
2022-08-30 10:45:00,4.7926590000000004
2022-08-30 11:00:00,3.970803
2022-08-30 11:15:00,3.819343
2022-08-30 11:30:00,3.3904890000000005
2022-08-30 11:45:00,4.135819
2022-08-30 12:00:00,4.852221999999999
2022-08-30 12:15:00,6.864803
2022-08-30 12:30:00,5.698303
2022-08-30 12:45:00,4.176784
2022-08-30 13:00:00,3.242032
2022-08-30 13:15:00,3.795669
2022-08-30 13:30:00,4.144497
2022-08-30 13:45:00,3.5144900000000003
2022-08-30 14:00:00,3.932295
2022-08-30 14:15:00,4.216843
2022-08-30 14:30:00,4.812334
2022-08-30 14:45:00,4.702261999999999
2022-08-30 15:00:00,4.11645
2022-08-30 15:15:00,3.930729
2022-08-30 15:30:00,3.4945060000000003
2022-08-30 15:45:00,3.483844
2022-08-30 16:00:00,4.0936960000000004
2022-08-30 16:15:00,4.062239
2022-08-30 16:30:00,3.9117759999999993
2022-08-30 16:45:00,3.700588
2022-08-30 17:00:00,4.623379
2022-08-30 17:15:00,4.894658999999999
2022-08-30 17:30:00,5.879604000000001
2022-08-30 17:45:00,5.011417
2022-08-30 18:00:00,4.555675
2022-08-30 18:15:00,4.618659999999999
2022-08-30 18:30:00,4.813811
2022-08-30 18:45:00,5.295470000000001
2022-08-30 19:00:00,4.635886
2022-08-30 19:15:00,4.787923999999999
2022-08-30 19:30:00,4.81022
2022-08-30 19:45:00,4.932908
2022-08-30 20:00:00,4.416569
2022-08-30 20:15:00,4.377812
2022-08-30 20:30:00,4.837326
2022-08-30 20:45:00,4.923951000000001
2022-08-30 21:00:00,5.766878999999999
2022-08-30 21:15:00,5.623723
2022-08-30 21:30:00,5.521554999999999
2022-08-30 21:45:00,6.080445000000001
2022-08-30 22:00:00,5.932487999999999
2022-08-30 22:15:00,5.821079999999999
2022-08-30 22:30:00,5.8741129999999995
2022-08-30 22:45:00,5.575187
2022-08-30 23:00:00,5.779973
2022-08-30 23:15:00,5.854024000000001
2022-08-30 23:30:00,5.9084449999999995
2022-08-30 23:45:00,4.194151
2022-08-31 00:00:00,3.151005
2022-08-31 00:15:00,2.926355
2022-08-31 00:30:00,2.8771860000000005
2022-08-31 00:45:00,2.641512
2022-08-31 01:00:00,2.6834499999999997
2022-08-31 01:15:00,2.238843
2022-08-31 01:30:00,2.237668
2022-08-31 01:45:00,2.280623
2022-08-31 02:00:00,2.352976
2022-08-31 02:15:00,1.259686
2022-08-31 02:30:00,0.8914949999999999
2022-08-31 02:45:00,0.878522
2022-08-31 03:00:00,1.035209
2022-08-31 03:15:00,0.778449
2022-08-31 03:30:00,0.7338910000000001
2022-08-31 03:45:00,0.664911
2022-08-31 04:00:00,0.702488
2022-08-31 04:15:00,0.5913930000000001
2022-08-31 04:30:00,0.502464
2022-08-31 04:45:00,0.523265
2022-08-31 05:00:00,0.226044
2022-08-31 05:15:00,0.312482
2022-08-31 05:30:00,0.911676
2022-08-31 05:45:00,1.2106609999999998
2022-08-31 06:00:00,0.38867699999999994
2022-08-31 06:15:00,0.591117
2022-08-31 06:30:00,1.1541879999999998
2022-08-31 06:45:00,1.345845
2022-08-31 07:00:00,2.121323
2022-08-31 07:15:00,1.5045959999999998
2022-08-31 07:30:00,1.835903
2022-08-31 07:45:00,2.451161
2022-08-31 08:00:00,2.2895950000000003
2022-08-31 08:15:00,3.5519099999999995
2022-08-31 08:30:00,2.294731
2022-08-31 08:45:00,3.100147
2022-08-31 09:00:00,3.170674
2022-08-31 09:15:00,2.9724250000000003
2022-08-31 09:30:00,3.080142
2022-08-31 09:45:00,3.021934
2022-08-31 10:00:00,3.2902719999999994
2022-08-31 10:15:00,3.123459
2022-08-31 10:30:00,3.8509499999999997
2022-08-31 10:45:00,3.686529
2022-08-31 11:00:00,3.493871
2022-08-31 11:15:00,4.640231000000001
2022-08-31 11:30:00,4.211582
2022-08-31 11:45:00,4.185411
2022-08-31 12:00:00,4.109611
2022-08-31 12:15:00,5.562881999999999
2022-08-31 12:30:00,5.219284
2022-08-31 12:45:00,4.263226
2022-08-31 13:00:00,3.4194860000000005
2022-08-31 13:15:00,3.9244630000000003
2022-08-31 13:30:00,4.303262999999999
2022-08-31 13:45:00,4.427734
2022-08-31 14:00:00,4.298944
2022-08-31 14:15:00,3.634574
2022-08-31 14:30:00,4.2318810000000004
2022-08-31 14:45:00,4.845812
2022-08-31 15:00:00,3.9823470000000003
2022-08-31 15:15:00,4.700555
2022-08-31 15:30:00,3.577991
2022-08-31 15:45:00,3.9030089999999995
2022-08-31 16:00:00,4.038053
2022-08-31 16:15:00,6.813489000000001
2022-08-31 16:30:00,5.746619
2022-08-31 16:45:00,5.174222
2022-08-31 17:00:00,4.369333
2022-08-31 17:15:00,4.032646
2022-08-31 17:30:00,5.0359039999999995
2022-08-31 17:45:00,6.220801999999999
2022-08-31 18:00:00,4.604425000000001
2022-08-31 18:15:00,3.961675
2022-08-31 18:30:00,4.255661
2022-08-31 18:45:00,4.950328999999999
2022-08-31 19:00:00,4.551932000000001
2022-08-31 19:15:00,3.7673149999999995
2022-08-31 19:30:00,5.008684000000001
2022-08-31 19:45:00,4.9643809999999995
2022-08-31 20:00:00,4.7583519999999995
2022-08-31 20:15:00,6.696453
2022-08-31 20:30:00,6.312008
2022-08-31 20:45:00,5.059033000000001
2022-08-31 21:00:00,5.075324999999999
2022-08-31 21:15:00,4.980319000000001
2022-08-31 21:30:00,5.017390000000001
2022-08-31 21:45:00,5.403706
2022-08-31 22:00:00,5.0679289999999995
2022-08-31 22:15:00,4.442215999999999
2022-08-31 22:30:00,4.029894
2022-08-31 22:45:00,7.183493
2022-08-31 23:00:00,5.138259000000001
2022-08-31 23:15:00,4.022647
2022-08-31 23:30:00,4.2948759999999995
2022-08-31 23:45:00,4.694902999999999
2022-09-01 00:00:00,3.6200190000000005
2022-09-01 00:15:00,2.8854800000000003
2022-09-01 00:30:00,2.5572209999999997
2022-09-01 00:45:00,2.124328
2022-09-01 01:00:00,2.430287
2022-09-01 01:15:00,1.5470920000000001
2022-09-01 01:30:00,1.6657069999999998
2022-09-01 01:45:00,1.203688
2022-09-01 02:00:00,1.183486
2022-09-01 02:15:00,1.1972459999999998
2022-09-01 02:30:00,1.804793
2022-09-01 02:45:00,1.236739
2022-09-01 03:00:00,1.3313050000000002
2022-09-01 03:15:00,0.8469380000000001
2022-09-01 03:30:00,0.883112
2022-09-01 03:45:00,0.5577810000000001
2022-09-01 04:00:00,0.569755
2022-09-01 04:15:00,0.711013
2022-09-01 04:30:00,0.9112389999999998
2022-09-01 04:45:00,0.854044
2022-09-01 05:00:00,0.9835319999999999
2022-09-01 05:15:00,1.002291
2022-09-01 05:30:00,1.122993
2022-09-01 05:45:00,1.0987079999999998
2022-09-01 06:00:00,1.018484
2022-09-01 06:15:00,1.090484
2022-09-01 06:30:00,1.7737209999999999
2022-09-01 06:45:00,2.063934
2022-09-01 07:00:00,1.414872
2022-09-01 07:15:00,1.6508479999999999
2022-09-01 07:30:00,2.5600780000000003
2022-09-01 07:45:00,3.6642809999999995
2022-09-01 08:00:00,2.603419
2022-09-01 08:15:00,2.584879
2022-09-01 08:30:00,3.9972830000000004
2022-09-01 08:45:00,3.478224
2022-09-01 09:00:00,3.1269519999999997
2022-09-01 09:15:00,3.116624
2022-09-01 09:30:00,2.8146089999999995
2022-09-01 09:45:00,2.6577499999999996
2022-09-01 10:00:00,3.081196
2022-09-01 10:15:00,3.320758
2022-09-01 10:30:00,3.0587899999999997
2022-09-01 10:45:00,3.757439
2022-09-01 11:00:00,3.002306
2022-09-01 11:15:00,3.328092
2022-09-01 11:30:00,3.568749
2022-09-01 11:45:00,3.9141070000000004
2022-09-01 12:00:00,4.8906979999999995
2022-09-01 12:15:00,5.554465
2022-09-01 12:30:00,4.7540510000000005
2022-09-01 12:45:00,3.796606
2022-09-01 13:00:00,2.68316
2022-09-01 13:15:00,2.865189
2022-09-01 13:30:00,3.6621550000000003
2022-09-01 13:45:00,3.8743779999999997
2022-09-01 14:00:00,3.3275760000000005
2022-09-01 14:15:00,3.4406660000000002
2022-09-01 14:30:00,3.7970469999999996
2022-09-01 14:45:00,4.347538999999999
2022-09-01 15:00:00,3.640196
2022-09-01 15:15:00,2.971162
2022-09-01 15:30:00,3.4209970000000007
2022-09-01 15:45:00,3.4959499999999997
2022-09-01 16:00:00,3.8564610000000004
2022-09-01 16:15:00,3.670453
2022-09-01 16:30:00,3.7906590000000002
2022-09-01 16:45:00,4.8323849999999995
2022-09-01 17:00:00,4.360367999999999
2022-09-01 17:15:00,3.573609
2022-09-01 17:30:00,3.90091
2022-09-01 17:45:00,4.8701479999999995
2022-09-01 18:00:00,5.838148
2022-09-01 18:15:00,4.474204
2022-09-01 18:30:00,4.773825
2022-09-01 18:45:00,5.173862000000001
2022-09-01 19:00:00,5.191933000000001
2022-09-01 19:15:00,6.19968
2022-09-01 19:30:00,6.147717
2022-09-01 19:45:00,6.460716
2022-09-01 20:00:00,6.824175
2022-09-01 20:15:00,6.319005
2022-09-01 20:30:00,6.155446
2022-09-01 20:45:00,5.806825
2022-09-01 21:00:00,6.121579
2022-09-01 21:15:00,5.078178
2022-09-01 21:30:00,5.411178000000001
2022-09-01 21:45:00,5.49265
2022-09-01 22:00:00,6.255781
2022-09-01 22:15:00,6.067194000000001
2022-09-01 22:30:00,6.691431
2022-09-01 22:45:00,7.218099999999999
2022-09-01 23:00:00,6.5173190000000005
2022-09-01 23:15:00,6.203714
2022-09-01 23:30:00,5.367681
2022-09-01 23:45:00,4.698457
2022-09-02 00:00:00,3.618906
2022-09-02 00:15:00,3.6014
2022-09-02 00:30:00,4.31932
2022-09-02 00:45:00,3.791707
2022-09-02 01:00:00,3.6487239999999996
2022-09-02 01:15:00,2.6228700000000003
2022-09-02 01:30:00,1.967158
2022-09-02 01:45:00,1.355826
2022-09-02 02:00:00,2.233304
2022-09-02 02:15:00,1.803087
2022-09-02 02:30:00,0.889082
2022-09-02 02:45:00,1.333589
2022-09-02 03:00:00,0.7277180000000001
2022-09-02 03:15:00,0.46510799999999997
2022-09-02 03:30:00,0.382844
2022-09-02 03:45:00,0.712661
2022-09-02 04:00:00,0.579239
2022-09-02 04:15:00,0.8319099999999999
2022-09-02 04:30:00,0.729317
2022-09-02 04:45:00,0.715866
2022-09-02 05:00:00,0.854172
2022-09-02 05:15:00,0.7679659999999999
2022-09-02 05:30:00,0.9172720000000001
2022-09-02 05:45:00,0.9919250000000001
2022-09-02 06:00:00,1.7595980000000002
2022-09-02 06:15:00,1.1559730000000001
2022-09-02 06:30:00,1.6019639999999997
2022-09-02 06:45:00,1.497178
2022-09-02 07:00:00,2.4049629999999995
2022-09-02 07:15:00,1.273241
2022-09-02 07:30:00,2.80791
2022-09-02 07:45:00,2.9876519999999998
2022-09-02 08:00:00,2.685118
2022-09-02 08:15:00,2.4784650000000004
2022-09-02 08:30:00,2.236227
2022-09-02 08:45:00,2.5182930000000003
2022-09-02 09:00:00,3.004441000000001
2022-09-02 09:15:00,2.824152
2022-09-02 09:30:00,2.969397
2022-09-02 09:45:00,2.5066919999999997
2022-09-02 10:00:00,3.082427
2022-09-02 10:15:00,3.6059390000000002
2022-09-02 10:30:00,4.485104
2022-09-02 10:45:00,3.322208
2022-09-02 11:00:00,3.482356
2022-09-02 11:15:00,3.178889
2022-09-02 11:30:00,4.791049999999999
2022-09-02 11:45:00,4.631695
2022-09-02 12:00:00,5.107031000000001
2022-09-02 12:15:00,5.363588
2022-09-02 12:30:00,5.863026
2022-09-02 12:45:00,4.3088299999999995
2022-09-02 13:00:00,3.671905
2022-09-02 13:15:00,4.322072
2022-09-02 13:30:00,3.862936
2022-09-02 13:45:00,3.8097800000000004
2022-09-02 14:00:00,3.323834
2022-09-02 14:15:00,2.7575819999999998
2022-09-02 14:30:00,2.366568
2022-09-02 14:45:00,3.2903379999999998
2022-09-02 15:00:00,3.7780400000000003
2022-09-02 15:15:00,4.1078030000000005
2022-09-02 15:30:00,4.255427
2022-09-02 15:45:00,4.098586000000001
2022-09-02 16:00:00,4.782922999999999
2022-09-02 16:15:00,3.925642
2022-09-02 16:30:00,4.631113
2022-09-02 16:45:00,4.778766
2022-09-02 17:00:00,5.596658
2022-09-02 17:15:00,4.8415669999999995
2022-09-02 17:30:00,4.823348999999999
2022-09-02 17:45:00,6.0038
2022-09-02 18:00:00,5.178833
2022-09-02 18:15:00,6.186097999999999
2022-09-02 18:30:00,6.697026
2022-09-02 18:45:00,5.192321000000001
2022-09-02 19:00:00,5.652262
2022-09-02 19:15:00,4.698841000000001
2022-09-02 19:30:00,5.042368
2022-09-02 19:45:00,6.564674
2022-09-02 20:00:00,6.999801999999999
2022-09-02 20:15:00,6.716353
2022-09-02 20:30:00,5.344940000000001
2022-09-02 20:45:00,6.821222
2022-09-02 21:00:00,7.498546999999999
2022-09-02 21:15:00,8.029041
2022-09-02 21:30:00,7.839046
2022-09-02 21:45:00,7.307591
2022-09-02 22:00:00,5.380668
2022-09-02 22:15:00,5.661732
2022-09-02 22:30:00,5.449773
2022-09-02 22:45:00,4.788609
2022-09-02 23:00:00,5.611012
2022-09-02 23:15:00,5.559817999999999
2022-09-02 23:30:00,5.449837
2022-09-02 23:45:00,5.174282
2022-09-03 00:00:00,3.871589
2022-09-03 00:15:00,3.6980180000000002
2022-09-03 00:30:00,3.2504410000000004
2022-09-03 00:45:00,2.9195539999999998
2022-09-03 01:00:00,2.8988039999999997
2022-09-03 01:15:00,2.7379659999999997
2022-09-03 01:30:00,1.8218149999999997
2022-09-03 01:45:00,1.37215
2022-09-03 02:00:00,1.041524
2022-09-03 02:15:00,1.257529
2022-09-03 02:30:00,1.252251
2022-09-03 02:45:00,1.171516
2022-09-03 03:00:00,0.532858
2022-09-03 03:15:00,0.9197559999999999
2022-09-03 03:30:00,1.211378
2022-09-03 03:45:00,0.950849
2022-09-03 04:00:00,0.806605
2022-09-03 04:15:00,0.760704
2022-09-03 04:30:00,0.49917300000000003
2022-09-03 04:45:00,0.314998
2022-09-03 05:00:00,0.42284399999999994
2022-09-03 05:15:00,0.767782
2022-09-03 05:30:00,0.693476
2022-09-03 05:45:00,0.541497
2022-09-03 06:00:00,0.863529
2022-09-03 06:15:00,1.22529
2022-09-03 06:30:00,1.237448
2022-09-03 06:45:00,1.2050279999999998
2022-09-03 07:00:00,1.395387
2022-09-03 07:15:00,1.8166650000000002
2022-09-03 07:30:00,3.1785520000000003
2022-09-03 07:45:00,2.561765
2022-09-03 08:00:00,2.562793
2022-09-03 08:15:00,2.8118760000000003
2022-09-03 08:30:00,2.9165689999999995
2022-09-03 08:45:00,2.6861669999999997
2022-09-03 09:00:00,2.7694609999999997
2022-09-03 09:15:00,2.4866179999999996
2022-09-03 09:30:00,3.7506510000000004
2022-09-03 09:45:00,4.680028
2022-09-03 10:00:00,5.417853
2022-09-03 10:15:00,4.145773
2022-09-03 10:30:00,3.1908740000000004
2022-09-03 10:45:00,3.75436
2022-09-03 11:00:00,4.460247
2022-09-03 11:15:00,4.428695
2022-09-03 11:30:00,3.490749
2022-09-03 11:45:00,3.795904
2022-09-03 12:00:00,4.401457
2022-09-03 12:15:00,5.300145
2022-09-03 12:30:00,5.215806000000001
2022-09-03 12:45:00,4.248183999999999
2022-09-03 13:00:00,3.157558
2022-09-03 13:15:00,3.796836
2022-09-03 13:30:00,4.753442
2022-09-03 13:45:00,5.227914
2022-09-03 14:00:00,4.581712
2022-09-03 14:15:00,4.3864399999999995
2022-09-03 14:30:00,4.478751
2022-09-03 14:45:00,4.633152000000001
2022-09-03 15:00:00,4.467114
2022-09-03 15:15:00,4.805967
2022-09-03 15:30:00,5.360712
2022-09-03 15:45:00,5.050999999999999
2022-09-03 16:00:00,4.959822
2022-09-03 16:15:00,5.404098
2022-09-03 16:30:00,4.807086
2022-09-03 16:45:00,4.056616
2022-09-03 17:00:00,3.3625620000000005
2022-09-03 17:15:00,4.570838999999999
2022-09-03 17:30:00,5.853309
2022-09-03 17:45:00,5.799618000000001
2022-09-03 18:00:00,4.570253
2022-09-03 18:15:00,4.980726999999999
2022-09-03 18:30:00,4.868493
2022-09-03 18:45:00,5.934401
2022-09-03 19:00:00,6.3214820000000005
2022-09-03 19:15:00,6.7015910000000005
2022-09-03 19:30:00,6.162005
2022-09-03 19:45:00,6.1014800000000005
2022-09-03 20:00:00,8.106335999999999
2022-09-03 20:15:00,7.762778000000001
2022-09-03 20:30:00,7.7226870000000005
2022-09-03 20:45:00,6.227408
2022-09-03 21:00:00,6.183629
2022-09-03 21:15:00,7.094276
2022-09-03 21:30:00,7.509157
2022-09-03 21:45:00,7.897138999999999
2022-09-03 22:00:00,6.802999
2022-09-03 22:15:00,6.457665999999999
2022-09-03 22:30:00,6.300785
2022-09-03 22:45:00,5.995047999999999
2022-09-03 23:00:00,5.280518000000001
2022-09-03 23:15:00,4.234986999999999
2022-09-03 23:30:00,4.350758
2022-09-03 23:45:00,5.002621
2022-09-04 00:00:00,4.620184999999999
2022-09-04 00:15:00,3.734119
2022-09-04 00:30:00,4.867888000000001
2022-09-04 00:45:00,3.194816
2022-09-04 01:00:00,3.230599
2022-09-04 01:15:00,3.3528719999999996
2022-09-04 01:30:00,3.36618
2022-09-04 01:45:00,2.7951460000000004
2022-09-04 02:00:00,2.514105
2022-09-04 02:15:00,2.479927
2022-09-04 02:30:00,1.772957
2022-09-04 02:45:00,1.69495
2022-09-04 03:00:00,0.976108
2022-09-04 03:15:00,1.20602
2022-09-04 03:30:00,1.8277660000000002
2022-09-04 03:45:00,0.7524799999999999
2022-09-04 04:00:00,0.570665
2022-09-04 04:15:00,0.7422730000000001
2022-09-04 04:30:00,0.7261480000000001
2022-09-04 04:45:00,0.7438939999999999
2022-09-04 05:00:00,0.47032499999999994
2022-09-04 05:15:00,0.456171
2022-09-04 05:30:00,0.588525
2022-09-04 05:45:00,2.167584
2022-09-04 06:00:00,2.049843
2022-09-04 06:15:00,1.399322
2022-09-04 06:30:00,1.6862759999999999
2022-09-04 06:45:00,1.92729
2022-09-04 07:00:00,2.178028
2022-09-04 07:15:00,2.109817
2022-09-04 07:30:00,2.492715
2022-09-04 07:45:00,2.6134749999999998
2022-09-04 08:00:00,3.5986409999999998
2022-09-04 08:15:00,2.687847
2022-09-04 08:30:00,3.576974
2022-09-04 08:45:00,4.138193
2022-09-04 09:00:00,3.664376
2022-09-04 09:15:00,4.058654
2022-09-04 09:30:00,4.721917
2022-09-04 09:45:00,3.7182159999999995
2022-09-04 10:00:00,3.7842640000000003
2022-09-04 10:15:00,4.6766380000000005
2022-09-04 10:30:00,4.27085
2022-09-04 10:45:00,3.7142720000000002
2022-09-04 11:00:00,5.082761
2022-09-04 11:15:00,4.160579
2022-09-04 11:30:00,3.9001040000000002
2022-09-04 11:45:00,3.9302259999999998
2022-09-04 12:00:00,4.381158
2022-09-04 12:15:00,5.144895
2022-09-04 12:30:00,4.472931999999999
2022-09-04 12:45:00,3.7785060000000006
2022-09-04 13:00:00,4.005344000000001
2022-09-04 13:15:00,4.537400999999999
2022-09-04 13:30:00,5.102609
2022-09-04 13:45:00,5.2201450000000005
2022-09-04 14:00:00,5.573623
2022-09-04 14:15:00,4.882077
2022-09-04 14:30:00,5.0324800000000005
2022-09-04 14:45:00,5.355869
2022-09-04 15:00:00,5.160451
2022-09-04 15:15:00,4.652627
2022-09-04 15:30:00,4.231231
2022-09-04 15:45:00,4.305639
2022-09-04 16:00:00,4.207555
2022-09-04 16:15:00,4.619177
2022-09-04 16:30:00,4.138951
2022-09-04 16:45:00,4.865526
2022-09-04 17:00:00,4.910367
2022-09-04 17:15:00,4.280355999999999
2022-09-04 17:30:00,4.6188590000000005
2022-09-04 17:45:00,4.562572
2022-09-04 18:00:00,6.3183050000000005
2022-09-04 18:15:00,4.559917
2022-09-04 18:30:00,4.885438
2022-09-04 18:45:00,6.029683
2022-09-04 19:00:00,5.392317
2022-09-04 19:15:00,5.832907
2022-09-04 19:30:00,4.276253
2022-09-04 19:45:00,5.887011
2022-09-04 20:00:00,4.5272179999999995
2022-09-04 20:15:00,6.462497
2022-09-04 20:30:00,5.792661
2022-09-04 20:45:00,6.358092
2022-09-04 21:00:00,6.604462
2022-09-04 21:15:00,6.666923000000001
2022-09-04 21:30:00,6.825463000000001
2022-09-04 21:45:00,6.002732999999999
2022-09-04 22:00:00,5.545993
2022-09-04 22:15:00,6.015345
2022-09-04 22:30:00,5.1144680000000005
2022-09-04 22:45:00,5.597384000000001
2022-09-04 23:00:00,5.030732
2022-09-04 23:15:00,4.460026999999999
2022-09-04 23:30:00,5.012828
2022-09-04 23:45:00,4.488628
2022-09-05 00:00:00,4.108022
2022-09-05 00:15:00,3.0803449999999994
2022-09-05 00:30:00,3.4138290000000002
2022-09-05 00:45:00,3.809695
2022-09-05 01:00:00,3.1196870000000003
2022-09-05 01:15:00,2.383578
2022-09-05 01:30:00,2.247491
2022-09-05 01:45:00,1.635028
2022-09-05 02:00:00,1.655824
2022-09-05 02:15:00,1.147853
2022-09-05 02:30:00,0.688292
2022-09-05 02:45:00,1.2025599999999999
2022-09-05 03:00:00,0.503716
2022-09-05 03:15:00,0.6390399999999999
2022-09-05 03:30:00,0.853987
2022-09-05 03:45:00,0.8841789999999999
2022-09-05 04:00:00,0.752815
2022-09-05 04:15:00,0.544531
2022-09-05 04:30:00,0.45394
2022-09-05 04:45:00,0.406173
2022-09-05 05:00:00,0.8179839999999999
2022-09-05 05:15:00,0.536953
2022-09-05 05:30:00,0.6057420000000001
2022-09-05 05:45:00,0.8719609999999999
2022-09-05 06:00:00,1.1040929999999998
2022-09-05 06:15:00,1.170933
2022-09-05 06:30:00,1.191486
2022-09-05 06:45:00,0.82016
2022-09-05 07:00:00,1.230002
2022-09-05 07:15:00,1.276917
2022-09-05 07:30:00,1.9930039999999998
2022-09-05 07:45:00,3.216827
2022-09-05 08:00:00,3.248795
2022-09-05 08:15:00,3.1812329999999998
2022-09-05 08:30:00,2.7683099999999996
2022-09-05 08:45:00,3.089833
2022-09-05 09:00:00,3.0594620000000003
2022-09-05 09:15:00,2.982545
2022-09-05 09:30:00,2.7481
2022-09-05 09:45:00,3.1681049999999997
2022-09-05 10:00:00,3.390267
2022-09-05 10:15:00,3.943667
2022-09-05 10:30:00,3.834557
2022-09-05 10:45:00,3.621466
2022-09-05 11:00:00,3.1684680000000003
2022-09-05 11:15:00,2.9328209999999997
2022-09-05 11:30:00,3.3040719999999997
2022-09-05 11:45:00,4.685816999999999
2022-09-05 12:00:00,4.996307999999999
2022-09-05 12:15:00,5.330966
2022-09-05 12:30:00,5.643438000000001
2022-09-05 12:45:00,4.179227
2022-09-05 13:00:00,3.915938
2022-09-05 13:15:00,4.254473
2022-09-05 13:30:00,4.167789
2022-09-05 13:45:00,3.5774090000000003
2022-09-05 14:00:00,3.8628250000000004
2022-09-05 14:15:00,4.061018999999999
2022-09-05 14:30:00,3.877466
2022-09-05 14:45:00,4.5927690000000005
2022-09-05 15:00:00,3.3466199999999997
2022-09-05 15:15:00,3.63726
2022-09-05 15:30:00,4.614909
2022-09-05 15:45:00,4.119608
2022-09-05 16:00:00,4.213701
2022-09-05 16:15:00,4.958635000000001
2022-09-05 16:30:00,5.1823559999999995
2022-09-05 16:45:00,6.187276999999999
2022-09-05 17:00:00,5.526069
2022-09-05 17:15:00,5.095845000000001
2022-09-05 17:30:00,4.633948000000001
2022-09-05 17:45:00,5.331727000000001
2022-09-05 18:00:00,5.939165
2022-09-05 18:15:00,4.967319
2022-09-05 18:30:00,4.862361
2022-09-05 18:45:00,5.448720000000001
2022-09-05 19:00:00,5.018603000000001
2022-09-05 19:15:00,5.215821
2022-09-05 19:30:00,5.082166
2022-09-05 19:45:00,5.3134
2022-09-05 20:00:00,8.510354
2022-09-05 20:15:00,8.044194
2022-09-05 20:30:00,6.053292000000001
2022-09-05 20:45:00,5.773761
2022-09-05 21:00:00,6.1594690000000005
2022-09-05 21:15:00,6.35692
2022-09-05 21:30:00,5.538303
2022-09-05 21:45:00,7.300871
2022-09-05 22:00:00,6.02321
2022-09-05 22:15:00,5.4832909999999995
2022-09-05 22:30:00,5.06797
2022-09-05 22:45:00,5.321496
2022-09-05 23:00:00,4.785721
2022-09-05 23:15:00,4.061679
2022-09-05 23:30:00,4.210477
2022-09-05 23:45:00,4.149032
2022-09-06 00:00:00,3.411764
2022-09-06 00:15:00,3.4613260000000006
2022-09-06 00:30:00,4.219338
2022-09-06 00:45:00,3.106384
2022-09-06 01:00:00,2.423569
2022-09-06 01:15:00,2.1475660000000003
2022-09-06 01:30:00,3.0230930000000003
2022-09-06 01:45:00,2.7343659999999996
2022-09-06 02:00:00,2.5196750000000003
2022-09-06 02:15:00,1.8486109999999998
2022-09-06 02:30:00,1.4602110000000001
2022-09-06 02:45:00,0.7618659999999999
2022-09-06 03:00:00,0.814543
2022-09-06 03:15:00,1.0208000000000002
2022-09-06 03:30:00,0.8529180000000001
2022-09-06 03:45:00,0.749036
2022-09-06 04:00:00,0.387699
2022-09-06 04:15:00,0.781693
2022-09-06 04:30:00,0.845808
2022-09-06 04:45:00,0.401401
2022-09-06 05:00:00,0.251726
2022-09-06 05:15:00,0.7547619999999999
2022-09-06 05:30:00,0.6024889999999999
2022-09-06 05:45:00,0.37838
2022-09-06 06:00:00,0.511315
2022-09-06 06:15:00,0.507517
2022-09-06 06:30:00,1.4039480000000002
2022-09-06 06:45:00,1.191884
2022-09-06 07:00:00,2.8802980000000002
2022-09-06 07:15:00,1.9112099999999999
2022-09-06 07:30:00,3.6715320000000005
2022-09-06 07:45:00,3.426052
2022-09-06 08:00:00,2.9782009999999994
2022-09-06 08:15:00,2.914578
2022-09-06 08:30:00,3.3060320000000005
2022-09-06 08:45:00,2.984502
2022-09-06 09:00:00,2.39058
2022-09-06 09:15:00,2.9301299999999997
2022-09-06 09:30:00,2.5567450000000003
2022-09-06 09:45:00,3.3340830000000006
2022-09-06 10:00:00,2.919302
2022-09-06 10:15:00,3.5188369999999995
2022-09-06 10:30:00,2.9701880000000003
2022-09-06 10:45:00,3.319395
2022-09-06 11:00:00,3.2503509999999998
2022-09-06 11:15:00,2.83378
2022-09-06 11:30:00,3.779174
2022-09-06 11:45:00,3.862512
2022-09-06 12:00:00,4.834685
2022-09-06 12:15:00,4.670831000000001
2022-09-06 12:30:00,5.504409999999999
2022-09-06 12:45:00,3.813314
2022-09-06 13:00:00,3.181539
2022-09-06 13:15:00,3.266208
2022-09-06 13:30:00,3.6580620000000006
2022-09-06 13:45:00,4.760979000000001
2022-09-06 14:00:00,4.597746
2022-09-06 14:15:00,4.362155
2022-09-06 14:30:00,4.6023510000000005
2022-09-06 14:45:00,3.9723319999999998
2022-09-06 15:00:00,4.710402
2022-09-06 15:15:00,3.828692
2022-09-06 15:30:00,4.984742
2022-09-06 15:45:00,5.595004
2022-09-06 16:00:00,5.168682
2022-09-06 16:15:00,4.156156999999999
2022-09-06 16:30:00,5.655387
2022-09-06 16:45:00,4.407091
2022-09-06 17:00:00,4.412134
2022-09-06 17:15:00,4.064584
2022-09-06 17:30:00,5.150138000000001
2022-09-06 17:45:00,5.1912910000000005
2022-09-06 18:00:00,4.92754
2022-09-06 18:15:00,4.694157000000001
2022-09-06 18:30:00,6.075734000000001
2022-09-06 18:45:00,5.2506520000000005
2022-09-06 19:00:00,4.30731
2022-09-06 19:15:00,5.043976
2022-09-06 19:30:00,4.493496
2022-09-06 19:45:00,5.344918
2022-09-06 20:00:00,5.38543
2022-09-06 20:15:00,5.284899
2022-09-06 20:30:00,6.0143770000000005
2022-09-06 20:45:00,5.627501
2022-09-06 21:00:00,4.513116000000001
2022-09-06 21:15:00,4.735727
2022-09-06 21:30:00,5.194964
2022-09-06 21:45:00,6.115053
2022-09-06 22:00:00,6.241662000000001
2022-09-06 22:15:00,5.337035
2022-09-06 22:30:00,5.275243000000001
2022-09-06 22:45:00,5.217143
2022-09-06 23:00:00,4.750955
2022-09-06 23:15:00,4.649134
2022-09-06 23:30:00,4.652654
2022-09-06 23:45:00,5.0596049999999995
